controller,scenario_id,unit_id,workflow_completed,workflow_continuity_rate,handoff_failure_rate,failure_category,request_failure_count,transfer_mb_per_request,migration_cost,end_to_end_workflow_delay,delay_available,total_steps,override_count,override_rate,action_sequence,action_count
crdcm_sa_ghmappo,capacity_competition,capacity_competition/window_peachtree_off244_len24_t1163059400_1163061700/j_3,True,1.0,0.0,completed,0,12.88888888888889,0.18,801.0,True,9,0,0.0,0|0|0|4|0|0|0|0|0,9
crdcm_mappo,capacity_competition,capacity_competition/window_peachtree_off244_len24_t1163059400_1163061700/j_3,True,1.0,0.0,completed,0,12.88888888888889,0.18,801.0,True,9,0,0.0,0|0|0|4|0|0|0|0|0,9
crdcm_ppo,capacity_competition,capacity_competition/window_peachtree_off244_len24_t1163059400_1163061700/j_3,False,0.8888888888888888,1.0,handoff_unprepared,1,10.666666666666666,1.0,,False,9,0,0.0,0|0|0|0|0|0|0|0|0,9
crdcm_critical_path_heuristic,capacity_competition,capacity_competition/window_peachtree_off244_len24_t1163059400_1163061700/j_3,False,0.8888888888888888,1.0,handoff_unprepared,1,10.666666666666666,1.0,,False,9,0,0.0,0|3|3|3|0|3|3|3|3,9
crdcm_sa_ghmappo,capacity_competition,capacity_competition/window_peachtree_off298_len24_t1163064800_1163067100/j_8,True,1.0,0.0,completed,0,2.823529411764706,0.0,1601.0,True,17,0,0.0,0|0|0|0|0|0|0|0|0|0|0|0|0|0|0|0|0,17
crdcm_mappo,capacity_competition,capacity_competition/window_peachtree_off298_len24_t1163064800_1163067100/j_8,True,1.0,0.0,completed,0,2.823529411764706,0.0,1601.0,True,17,0,0.0,0|0|0|0|0|0|0|0|0|0|0|0|0|0|0|0|0,17
crdcm_ppo,capacity_competition,capacity_competition/window_peachtree_off298_len24_t1163064800_1163067100/j_8,False,0.47058823529411764,0.0,cache_dependency_miss,9,0.0,0.0,,False,17,0,0.0,3|3|3|3|3|3|3|3|3|3|3|3|3|3|3|0|3,17
crdcm_critical_path_heuristic,capacity_competition,capacity_competition/window_peachtree_off298_len24_t1163064800_1163067100/j_8,True,1.0,0.0,completed,0,2.823529411764706,0.0,1601.0,True,17,0,0.0,0|3|3|3|3|3|3|3|3|3|3|3|3|3|3|3|3,17
crdcm_sa_ghmappo,capacity_competition,capacity_competition/window_peachtree_off1578_len24_t1163637300_1163639600/j_15,True,1.0,0.0,completed,0,27.2,0.18,401.0,True,5,0,0.0,0|4|4|0|0,5
crdcm_mappo,capacity_competition,capacity_competition/window_peachtree_off1578_len24_t1163637300_1163639600/j_15,True,1.0,0.0,completed,0,27.2,0.18,401.0,True,5,0,0.0,0|4|4|0|0,5
crdcm_ppo,capacity_competition,capacity_competition/window_peachtree_off1578_len24_t1163637300_1163639600/j_15,False,0.2,1.0,handoff_unprepared,4,0.0,1.0,,False,5,0,0.0,3|3|3|2|3,5
crdcm_critical_path_heuristic,capacity_competition,capacity_competition/window_peachtree_off1578_len24_t1163637300_1163639600/j_15,True,1.0,0.0,completed,0,23.2,0.18,401.0,True,5,0,0.0,0|3|4|3|3,5
crdcm_sa_ghmappo,shared_adapter_reuse_prepare,shared_adapter_reuse_prepare/window_peachtree_off244_len24_t1163059400_1163061700/j_3,True,1.0,0.0,completed,0,12.88888888888889,0.18,801.0,True,9,0,0.0,0|0|0|4|0|0|0|0|0,9
crdcm_mappo,shared_adapter_reuse_prepare,shared_adapter_reuse_prepare/window_peachtree_off244_len24_t1163059400_1163061700/j_3,True,1.0,0.0,completed,0,12.88888888888889,0.18,801.0,True,9,0,0.0,0|0|0|4|0|0|0|0|0,9
crdcm_ppo,shared_adapter_reuse_prepare,shared_adapter_reuse_prepare/window_peachtree_off244_len24_t1163059400_1163061700/j_3,False,0.8888888888888888,1.0,handoff_unprepared,1,10.666666666666666,1.0,,False,9,0,0.0,0|0|0|0|0|0|0|0|0,9
crdcm_critical_path_heuristic,shared_adapter_reuse_prepare,shared_adapter_reuse_prepare/window_peachtree_off244_len24_t1163059400_1163061700/j_3,False,0.8888888888888888,1.0,handoff_unprepared,1,10.666666666666666,1.0,,False,9,0,0.0,0|3|3|3|0|3|3|3|3,9
crdcm_sa_ghmappo,shared_adapter_reuse_prepare,shared_adapter_reuse_prepare/window_peachtree_off298_len24_t1163064800_1163067100/j_8,True,1.0,0.0,completed,0,2.823529411764706,0.0,1601.0,True,17,0,0.0,0|0|0|0|0|0|0|0|0|0|0|0|0|0|0|0|0,17
crdcm_mappo,shared_adapter_reuse_prepare,shared_adapter_reuse_prepare/window_peachtree_off298_len24_t1163064800_1163067100/j_8,True,1.0,0.0,completed,0,2.823529411764706,0.0,1601.0,True,17,0,0.0,0|0|0|0|0|0|0|0|0|0|0|0|0|0|0|0|0,17
crdcm_ppo,shared_adapter_reuse_prepare,shared_adapter_reuse_prepare/window_peachtree_off298_len24_t1163064800_1163067100/j_8,False,0.47058823529411764,0.0,cache_dependency_miss,9,0.0,0.0,,False,17,0,0.0,3|3|3|3|3|3|3|3|3|3|3|3|3|0|3|0|3,17
crdcm_critical_path_heuristic,shared_adapter_reuse_prepare,shared_adapter_reuse_prepare/window_peachtree_off298_len24_t1163064800_1163067100/j_8,True,1.0,0.0,completed,0,2.823529411764706,0.0,1601.0,True,17,0,0.0,0|3|3|3|3|3|3|3|3|3|3|3|3|3|3|3|3,17
crdcm_sa_ghmappo,shared_adapter_reuse_prepare,shared_adapter_reuse_prepare/window_peachtree_off1578_len24_t1163637300_1163639600/j_15,True,1.0,0.0,completed,0,27.2,0.18,401.0,True,5,0,0.0,0|4|4|0|0,5
crdcm_mappo,shared_adapter_reuse_prepare,shared_adapter_reuse_prepare/window_peachtree_off1578_len24_t1163637300_1163639600/j_15,True,1.0,0.0,completed,0,27.2,0.18,401.0,True,5,0,0.0,0|4|4|0|0,5
crdcm_ppo,shared_adapter_reuse_prepare,shared_adapter_reuse_prepare/window_peachtree_off1578_len24_t1163637300_1163639600/j_15,False,0.2,1.0,handoff_unprepared,4,0.0,1.0,,False,5,0,0.0,3|3|3|2|3,5
crdcm_critical_path_heuristic,shared_adapter_reuse_prepare,shared_adapter_reuse_prepare/window_peachtree_off1578_len24_t1163637300_1163639600/j_15,True,1.0,0.0,completed,0,23.2,0.18,401.0,True,5,0,0.0,0|3|4|3|3,5
crdcm_sa_ghmappo,low_reuse_no_migration_negative,low_reuse_no_migration_negative/window_peachtree_off244_len24_t1163059400_1163061700/j_3,False,0.8888888888888888,1.0,handoff_unprepared,1,52.666666666666664,1.0,,False,9,0,0.0,0|0|0|4|0|0|0|0|0,9
crdcm_mappo,low_reuse_no_migration_negative,low_reuse_no_migration_negative/window_peachtree_off244_len24_t1163059400_1163061700/j_3,False,0.8888888888888888,1.0,handoff_unprepared,1,52.666666666666664,1.0,,False,9,0,0.0,0|0|0|4|0|0|0|0|0,9
crdcm_ppo,low_reuse_no_migration_negative,low_reuse_no_migration_negative/window_peachtree_off244_len24_t1163059400_1163061700/j_3,False,0.8888888888888888,1.0,handoff_unprepared,1,52.666666666666664,1.0,,False,9,0,0.0,0|0|0|0|0|0|0|0|0,9
crdcm_critical_path_heuristic,low_reuse_no_migration_negative,low_reuse_no_migration_negative/window_peachtree_off244_len24_t1163059400_1163061700/j_3,False,0.8888888888888888,1.0,handoff_unprepared,1,52.666666666666664,1.0,,False,9,0,0.0,3|0|0|0|0|0|0|0|0,9
crdcm_sa_ghmappo,low_reuse_no_migration_negative,low_reuse_no_migration_negative/window_peachtree_off298_len24_t1163064800_1163067100/j_8,True,1.0,0.0,completed,0,58.0,0.0,1601.0,True,17,0,0.0,0|0|0|0|0|0|0|0|0|0|0|0|0|0|0|0|0,17
crdcm_mappo,low_reuse_no_migration_negative,low_reuse_no_migration_negative/window_peachtree_off298_len24_t1163064800_1163067100/j_8,True,1.0,0.0,completed,0,58.0,0.0,1601.0,True,17,0,0.0,0|0|0|0|0|0|0|0|0|0|0|0|0|0|0|0|0,17
crdcm_ppo,low_reuse_no_migration_negative,low_reuse_no_migration_negative/window_peachtree_off298_len24_t1163064800_1163067100/j_8,False,0.17647058823529413,0.0,cache_dependency_miss,14,0.0,0.0,,False,17,0,0.0,3|3|3|3|3|3|3|3|3|3|3|3|3|3|3|3|3,17
crdcm_critical_path_heuristic,low_reuse_no_migration_negative,low_reuse_no_migration_negative/window_peachtree_off298_len24_t1163064800_1163067100/j_8,True,1.0,0.0,completed,0,58.0,0.0,1601.0,True,17,0,0.0,3|0|0|0|0|0|0|0|0|0|0|0|0|0|0|0|0,17
crdcm_sa_ghmappo,low_reuse_no_migration_negative,low_reuse_no_migration_negative/window_peachtree_off1578_len24_t1163637300_1163639600/j_15,False,0.6,1.0,handoff_unprepared,2,52.4,1.0,,False,5,0,0.0,0|4|4|0|0,5
crdcm_mappo,low_reuse_no_migration_negative,low_reuse_no_migration_negative/window_peachtree_off1578_len24_t1163637300_1163639600/j_15,False,0.6,1.0,handoff_unprepared,2,52.4,1.0,,False,5,0,0.0,0|4|4|0|0,5
crdcm_ppo,low_reuse_no_migration_negative,low_reuse_no_migration_negative/window_peachtree_off1578_len24_t1163637300_1163639600/j_15,False,0.0,1.0,handoff_unprepared,5,0.0,1.0,,False,5,0,0.0,2|3|3|2|2,5
crdcm_critical_path_heuristic,low_reuse_no_migration_negative,low_reuse_no_migration_negative/window_peachtree_off1578_len24_t1163637300_1163639600/j_15,False,0.8,1.0,handoff_unprepared,1,52.4,1.0,,False,5,0,0.0,3|0|0|0|0,5
crdcm_sa_ghmappo,ample_resource_negative,ample_resource_negative/window_peachtree_off244_len24_t1163059400_1163061700/j_3,True,1.0,0.0,completed,0,50.888888888888886,0.18,801.0,True,9,0,0.0,0|0|0|4|0|0|0|0|0,9
crdcm_mappo,ample_resource_negative,ample_resource_negative/window_peachtree_off244_len24_t1163059400_1163061700/j_3,True,1.0,0.0,completed,0,50.888888888888886,0.18,801.0,True,9,0,0.0,0|0|0|4|0|0|0|0|0,9
crdcm_ppo,ample_resource_negative,ample_resource_negative/window_peachtree_off244_len24_t1163059400_1163061700/j_3,False,0.8888888888888888,1.0,handoff_unprepared,1,48.666666666666664,1.0,,False,9,0,0.0,0|0|0|0|0|0|0|0|0,9
crdcm_critical_path_heuristic,ample_resource_negative,ample_resource_negative/window_peachtree_off244_len24_t1163059400_1163061700/j_3,False,0.8888888888888888,1.0,handoff_unprepared,1,48.666666666666664,1.0,,False,9,0,0.0,3|0|0|0|0|0|3|0|0,9
crdcm_sa_ghmappo,ample_resource_negative,ample_resource_negative/window_peachtree_off298_len24_t1163064800_1163067100/j_8,True,1.0,0.0,completed,0,19.176470588235293,0.0,1601.0,True,17,0,0.0,0|0|0|0|0|0|0|0|0|0|0|0|0|0|0|0|0,17
crdcm_mappo,ample_resource_negative,ample_resource_negative/window_peachtree_off298_len24_t1163064800_1163067100/j_8,True,1.0,0.0,completed,0,19.176470588235293,0.0,1601.0,True,17,0,0.0,0|0|0|0|0|0|0|0|0|0|0|0|0|0|0|0|0,17
crdcm_ppo,ample_resource_negative,ample_resource_negative/window_peachtree_off298_len24_t1163064800_1163067100/j_8,False,0.17647058823529413,0.0,cache_dependency_miss,14,0.0,0.0,,False,17,0,0.0,0|3|3|3|3|3|0|3|3|3|3|3|0|3|3|3|3,17
crdcm_critical_path_heuristic,ample_resource_negative,ample_resource_negative/window_peachtree_off298_len24_t1163064800_1163067100/j_8,True,1.0,0.0,completed,0,19.176470588235293,0.0,1601.0,True,17,0,0.0,3|0|0|0|0|0|3|3|3|3|3|3|3|3|3|3|3,17
crdcm_sa_ghmappo,ample_resource_negative,ample_resource_negative/window_peachtree_off1578_len24_t1163637300_1163639600/j_15,False,0.8,0.0,cache_dependency_miss,1,60.4,0.18,,False,5,0,0.0,0|4|4|0|0,5
crdcm_mappo,ample_resource_negative,ample_resource_negative/window_peachtree_off1578_len24_t1163637300_1163639600/j_15,False,0.8,0.0,cache_dependency_miss,1,60.4,0.18,,False,5,0,0.0,0|4|4|0|0,5
crdcm_ppo,ample_resource_negative,ample_resource_negative/window_peachtree_off1578_len24_t1163637300_1163639600/j_15,False,0.0,1.0,handoff_unprepared,5,0.0,1.0,,False,5,0,0.0,2|3|3|3|3,5
crdcm_critical_path_heuristic,ample_resource_negative,ample_resource_negative/window_peachtree_off1578_len24_t1163637300_1163639600/j_15,False,0.8,1.0,handoff_unprepared,1,52.4,1.0,,False,5,0,0.0,3|0|0|0|0,5
