split,method,seeds,mean_short_environment_steps,mean_long_environment_steps,mean_short_on_time_workflow_completion_rate,mean_long_on_time_workflow_completion_rate,mean_delta_on_time_workflow_completion_rate,mean_short_workflow_completion_rate,mean_long_workflow_completion_rate,mean_delta_workflow_completion_rate,mean_short_unfinished_after_deadline_rate,mean_long_unfinished_after_deadline_rate,mean_delta_unfinished_after_deadline_rate,mean_short_service_failure_rate,mean_long_service_failure_rate,mean_delta_service_failure_rate,mean_short_service_failures,mean_long_service_failures,mean_delta_service_failures,mean_short_failed_service_attempt_seconds_proxy,mean_long_failed_service_attempt_seconds_proxy,mean_delta_failed_service_attempt_seconds_proxy,mean_short_node_coverage_rate,mean_long_node_coverage_rate,mean_delta_node_coverage_rate,mean_short_modeled_completion_seconds,mean_long_modeled_completion_seconds,mean_delta_modeled_completion_seconds,mean_short_total_transfer_mb,mean_long_total_transfer_mb,mean_delta_total_transfer_mb,mean_short_model_prepare_mb,mean_long_model_prepare_mb,mean_delta_model_prepare_mb,mean_short_state_transfer_mb,mean_long_state_transfer_mb,mean_delta_state_transfer_mb,mean_short_input_transfer_mb,mean_long_input_transfer_mb,mean_delta_input_transfer_mb,mean_short_recompute_seconds,mean_long_recompute_seconds,mean_delta_recompute_seconds,mean_short_invalid_prepare_attempts,mean_long_invalid_prepare_attempts,mean_delta_invalid_prepare_attempts,mean_short_max_consecutive_no_progress_steps,mean_long_max_consecutive_no_progress_steps,mean_delta_max_consecutive_no_progress_steps,mean_short_action_0,mean_long_action_0,mean_delta_action_0,mean_short_action_1,mean_long_action_1,mean_delta_action_1,mean_short_action_2,mean_long_action_2,mean_delta_action_2,mean_short_action_3,mean_long_action_3,mean_delta_action_3,mean_short_action_4,mean_long_action_4,mean_delta_action_4,mean_short_reward,mean_long_reward,mean_delta_reward,completion_positive_zero_negative_seeds,on_time_positive_zero_negative_seeds,failure_lower_zero_higher_seeds,interpretation_scope
combined_development,dt_handoff_drl,5,1440.0,5760.0,0.41000000000000003,0.45,0.04,1.0,1.0,0.0,0.31,0.26,-0.05000000000000002,0.08,0.030000000000000002,-0.05,0.19,0.04,-0.15,0.38,0.08,-0.3,1.0,1.0,0.0,82.39421743805921,80.95814182670185,-1.4360756113573643,1095.646309,921.45912402,-174.18718497999998,1094.6856526400002,920.60410432,-174.08154832,0.25902103,0.22788493,-0.0311361,0.70163533,0.6271347700000001,-0.07450056000000002,27.34751499709921,30.941760844541854,3.5942458474426404,1.05,0.69,-0.3600000000000001,0.12000000000000001,0.04,-0.08000000000000002,2.3,3.21,0.9099999999999998,0.0,0.0,0.0,0.9900000000000001,0.59,-0.4000000000000001,0.05,0.09,0.04,3.7,3.0,-0.7000000000000001,7.66826253427235,8.474260811971238,0.8059982776988873,0/5/0,3/0/2,2/2/1,development_only_seed_descriptive_no_independent_clusters
combined_development,mappo,5,1440.0,5760.0,0.26,0.43,0.17,1.0,1.0,0.0,0.35000000000000003,0.26,-0.09000000000000001,0.12,0.09999999999999999,-0.02,0.32,0.21000000000000002,-0.11000000000000001,0.64,0.42000000000000004,-0.22000000000000003,1.0,1.0,0.0,102.32192831840814,85.16929643405892,-17.152631884349212,1022.4775468600001,1286.50567778,264.02813092,1021.6883781600001,1285.7522552,264.06387704,0.13793932,0.30188938,0.16395006,0.65122938,0.4515332,-0.19969618,53.67126979776813,34.38079217797892,-19.290477619789208,0.44,0.99,0.55,0.2,0.16999999999999998,-0.030000000000000006,4.74,2.83,-1.91,0.71,0.01,-0.7,0.0,0.01,0.01,0.0,0.0,0.0,1.72,4.21,2.4899999999999998,5.118117523813262,7.377380395231536,2.2592628714182736,0/5/0,3/2/0,1/2/2,development_only_seed_descriptive_no_independent_clusters
combined_development,ppo,5,1440.0,5760.0,0.25,0.27,0.02,0.95,1.0,0.05,0.38,0.33,-0.05,0.13999999999999999,0.0,-0.13999999999999999,0.79,0.0,-0.79,1.58,0.0,-1.58,0.9878095238095238,1.0,0.012190476190476196,92.04996639391665,80.13024198425303,-11.919724409663615,533.5186068300001,238.64328650000002,-294.87532032999997,532.38885808,237.24897904000002,-295.13987904,0.10351072,0.0,-0.10351072,1.02623803,1.39430746,0.36806943,40.149016697436636,20.685911066973024,-19.463105630463613,1.26,0.0,-1.26,0.37,0.0,-0.37,3.11,3.1199999999999997,0.009999999999999981,0.45999999999999996,0.0,-0.45999999999999996,1.5699999999999998,3.26,1.6900000000000002,0.06,0.47000000000000003,0.41000000000000003,2.34,0.0,-2.34,4.5175637272275795,8.258453701260818,3.740889974033238,1/4/0,1/3/1,1/4/0,development_only_seed_descriptive_no_independent_clusters
combined_development,sa_ghmappo,5,1440.0,5760.0,0.27999999999999997,0.36,0.08000000000000002,0.87,0.99,0.12,0.35,0.26,-0.08999999999999998,0.43,0.17,-0.26,2.21,0.53,-1.68,4.42,1.06,-3.36,0.9286666666666666,0.99,0.06133333333333333,82.68885106815637,90.98779771621643,8.298946648060063,650.72170706,660.90374176,10.182034700000033,649.73653968,659.96766328,10.231123600000023,0.25124522,0.18856699000000002,-0.06267823,0.73392216,0.74751149,0.013589329999999978,33.71871786183637,44.04308362277643,10.324365760940061,1.92,0.79,-1.13,1.6,0.38,-1.22,0.8999999999999999,1.9,1.0,0.0,0.0,0.0,0.74,0.45,-0.29000000000000004,2.87,2.37,-0.4999999999999999,4.08,2.59,-1.4900000000000002,0.3318760067588412,5.823218895528222,5.491342888769381,3/2/0,3/1/1,3/1/1,development_only_seed_descriptive_no_independent_clusters
frozen_check,dt_handoff_drl,5,1440.0,5760.0,0.3,0.275,-0.025,1.0,1.0,0.0,0.35,0.35,0.0,0.1,0.025,-0.075,0.175,0.025,-0.15,0.35,0.05,-0.3,1.0,1.0,0.0,92.97339013445436,92.87479009115638,-0.0986000432979722,1076.215199125,856.6871209249999,-219.52807820000004,1075.131637,855.719933,-219.41170400000004,0.222902275,0.178330025,-0.04457225,0.86065985,0.7888579,-0.07180195,36.21048183105436,41.13826384615639,4.927782015102027,1.025,0.725,-0.3,0.125,0.025,-0.1,2.45,3.325,0.875,0.0,0.0,0.0,0.95,0.6,-0.35,0.0,0.05,0.05,3.65,2.925,-0.725,6.485977034198949,6.946090765157592,0.4601137309586436,0/5/0,1/2/2,2/3/0,development_only_seed_descriptive_no_independent_clusters
frozen_check,mappo,5,1440.0,5760.0,0.1,0.2,0.1,1.0,1.0,0.0,0.525,0.3,-0.225,0.15,0.125,-0.025,0.375,0.225,-0.15,0.75,0.45,-0.3,1.0,1.0,0.0,118.1454503983629,100.07631735311783,-18.069133045245067,1007.23608835,1203.039113925,195.80302557499994,1006.243774,1202.208221,195.96444699999998,0.11382447500000001,0.2379243,0.124099825,0.8784898750000001,0.592968625,-0.28552125000000006,66.77384055096289,47.10822305811783,-19.665617492845065,0.475,1.05,0.575,0.225,0.2,-0.025,4.7,2.9,-1.8,0.875,0.0,-0.875,0.0,0.025,0.025,0.0,0.0,0.0,1.675,4.175,2.5,3.1043331146070963,5.308685869278697,2.2043527546716,0/5/0,3/1/1,1/2/2,development_only_seed_descriptive_no_independent_clusters
frozen_check,ppo,5,1440.0,5760.0,0.15,0.1,-0.05,0.95,1.0,0.05,0.525,0.525,0.0,0.175,0.0,-0.175,0.85,0.0,-0.85,1.7,0.0,-1.7,0.99,1.0,0.010000000000000009,101.09881840038716,87.2538446965071,-13.844973703880052,483.31283117500004,195.976936225,-287.33589495,481.9664958,194.2344132,-287.7320826,0.07703077500000001,0.0,-0.07703077500000001,1.2693046000000001,1.7425230250000001,0.473218425,49.08041904458716,26.8352157143071,-22.245203330280056,1.425,0.0,-1.425,0.425,0.0,-0.425,3.1,3.05,-0.05,0.55,0.0,-0.55,1.5,3.375,1.875,0.05,0.45,0.4,2.45,0.0,-2.45,3.337034452831729,7.078433551874271,3.741399099042542,1/4/0,1/2/2,1/4/0,development_only_seed_descriptive_no_independent_clusters
frozen_check,sa_ghmappo,5,1440.0,5760.0,0.125,0.125,0.0,0.85,0.975,0.125,0.45,0.375,-0.075,0.525,0.2,-0.325,2.85,0.75,-2.1,5.7,1.5,-4.2,0.9078571428571428,0.975,0.06714285714285714,96.41759312349308,113.67262370902489,17.25503058553182,612.8908444,682.9158759,70.02503149999998,611.7411162000001,681.7953368000001,70.05422060000001,0.180401575,0.1271179,-0.053283675,0.969326625,0.9934212,0.024094574999999986,44.74813460989307,63.9280103018249,19.179875691931823,2.175,0.8,-1.375,2.15,0.575,-1.575,0.875,2.225,1.35,0.0,0.0,0.0,0.875,0.525,-0.35,3.375,2.4,-0.975,3.95,2.3,-1.65,-3.5988069894618775,2.238182617383522,5.8369896068454,3/2/0,1/3/1,3/1/1,development_only_seed_descriptive_no_independent_clusters
regression,dt_handoff_drl,5,1440.0,5760.0,0.48333333333333334,0.5666666666666667,0.08333333333333334,1.0,1.0,0.0,0.2833333333333333,0.2,-0.08333333333333334,0.06666666666666667,0.03333333333333333,-0.03333333333333333,0.2,0.05,-0.15,0.4,0.1,-0.3,1.0,1.0,0.0,75.34143564046245,73.01370965039884,-2.3277259900636125,1108.60038225,964.6404594166667,-143.9599228333333,1107.7216630666667,963.8602185333334,-143.86144453333335,0.2831002,0.26092153333333334,-0.022178666666666652,0.5956189833333333,0.51931935,-0.07629963333333331,21.43887044112911,24.14409217679883,2.705221735669716,1.0666666666666667,0.6666666666666667,-0.4,0.11666666666666667,0.05,-0.06666666666666667,2.2,3.1333333333333333,0.9333333333333331,0.0,0.0,0.0,1.0166666666666666,0.5833333333333334,-0.4333333333333333,0.08333333333333334,0.11666666666666667,0.03333333333333334,3.7333333333333334,3.0500000000000003,-0.6833333333333333,8.456452867654617,9.493040843180333,1.036587975525716,0/5/0,2/3/0,2/2/1,development_only_seed_descriptive_no_independent_clusters
regression,mappo,5,1440.0,5760.0,0.3666666666666667,0.5833333333333334,0.2166666666666667,1.0,1.0,0.0,0.23333333333333334,0.23333333333333334,0.0,0.1,0.08333333333333333,-0.01666666666666667,0.2833333333333333,0.2,-0.08333333333333334,0.5666666666666667,0.4,-0.16666666666666669,1.0,1.0,0.0,91.7729135984383,75.23128248801966,-16.541631110418642,1032.6385192,1342.1500536833332,309.51153448333326,1031.9847809333332,1341.448278,309.4634970666667,0.15401588333333333,0.34453276666666666,0.19051688333333333,0.4997223833333333,0.3572429166666667,-0.14247946666666667,44.93622262897163,25.895838257886318,-19.04038437108531,0.4166666666666667,0.9500000000000001,0.5333333333333333,0.18333333333333332,0.15,-0.03333333333333332,4.766666666666667,2.783333333333333,-1.9833333333333334,0.6,0.016666666666666666,-0.5833333333333334,0.0,0.0,0.0,0.0,0.0,0.0,1.75,4.233333333333333,2.483333333333333,6.46064046328404,8.756510079200096,2.295869615916056,0/5/0,4/1/0,1/2/2,development_only_seed_descriptive_no_independent_clusters
regression,ppo,5,1440.0,5760.0,0.31666666666666665,0.38333333333333336,0.06666666666666668,0.95,1.0,0.05,0.2833333333333333,0.2,-0.08333333333333334,0.11666666666666667,0.0,-0.11666666666666667,0.75,0.0,-0.75,1.5,0.0,-1.5,0.9863492063492063,1.0,0.013650793650793646,86.01739838960296,75.38117350941698,-10.636224880185988,566.9891239333333,267.0875200166667,-299.90160391666666,566.0037662666666,265.92535626666665,-300.07840999999996,0.12116401666666667,0.0,-0.12116401666666667,0.86419365,1.16216375,0.29797009999999996,34.19474846600296,16.586374635416973,-17.608373830585986,1.15,0.0,-1.15,0.33333333333333337,0.0,-0.33333333333333337,3.1166666666666667,3.1666666666666665,0.04999999999999994,0.4,0.0,-0.4,1.6166666666666667,3.183333333333333,1.5666666666666667,0.06666666666666667,0.4833333333333333,0.41666666666666663,2.2666666666666666,0.0,-2.2666666666666666,5.3045832434914795,9.045133800851849,3.7405505573603692,1/4/0,2/3/0,1/4/0,development_only_seed_descriptive_no_independent_clusters
regression,sa_ghmappo,5,1440.0,5760.0,0.38333333333333336,0.5166666666666667,0.13333333333333336,0.8833333333333333,1.0,0.11666666666666667,0.2833333333333333,0.18333333333333332,-0.1,0.3666666666666667,0.15,-0.21666666666666667,1.7833333333333334,0.3833333333333333,-1.4000000000000001,3.566666666666667,0.7666666666666666,-2.8000000000000003,0.9425396825396826,1.0,0.057460317460317455,73.53635636459856,75.86458038767745,2.32822402307889,675.9422821666667,646.2289856666666,-29.713296500000002,675.066822,645.4158809333334,-29.65094106666669,0.2984743166666667,0.22953305000000002,-0.06894126666666667,0.57698585,0.5835716833333333,0.006585833333333346,26.365773363131897,30.78646583674412,4.420692473612222,1.75,0.7833333333333333,-0.9666666666666668,1.2333333333333334,0.25,-0.9833333333333334,0.9166666666666667,1.6833333333333333,0.7666666666666666,0.0,0.0,0.0,0.65,0.4,-0.25,2.533333333333333,2.35,-0.1833333333333333,4.166666666666667,2.783333333333333,-1.3833333333333333,2.9523313375726534,8.213243080958023,5.2609117433853685,3/2/0,3/1/1,3/1/1,development_only_seed_descriptive_no_independent_clusters
