split,method,seed,selected_update,selected_checkpoint_sha256,on_time_workflow_completion_rate,workflow_completion_rate,unfinished_after_deadline_rate,service_failure_rate,service_failures,failed_service_attempt_seconds_proxy,node_coverage_rate,modeled_completion_seconds,total_transfer_mb,model_prepare_mb,state_transfer_mb,input_transfer_mb,recompute_seconds,invalid_prepare_attempts,max_consecutive_no_progress_steps,action_0,action_1,action_2,action_3,action_4,reward,role
frozen_check,dt_handoff_drl,17,96,4c9b31da0913187f7ed3051eab48d904b091a25513cd442b989caaa44e73fe37,0.375,1.0,0.25,0.0,0.0,0.0,1.0,91.23806999094364,822.2229635,821.375179,0.26710412499999997,0.580680375,42.25865496494365,0.625,0.0,3.0,0.0,0.0,0.25,3.625,7.568076997087114,selected_checkpoint_exposed_development_diagnostic
frozen_check,dt_handoff_drl,29,72,5c0d272628aa67b2ebb86aba3b346ec4eb1e1543d35ec4816393c7060a8597fe,0.125,1.0,0.375,0.0,0.0,0.0,1.0,104.97225455892578,1096.406376125,1095.639809,0.13890225,0.627664875,53.618316822925784,0.875,0.0,3.875,0.0,0.0,0.0,3.0,5.341665630767156,selected_checkpoint_exposed_development_diagnostic
frozen_check,dt_handoff_drl,43,96,d9431d3a16ac66a2e42a3a6946af353c1d10f3671ed71c5eb9ee97f5842a0482,0.375,1.0,0.25,0.125,0.125,0.25,1.0,93.32488073362357,842.646970875,841.8833510000001,0.1829395,0.580680375,43.817824489623575,0.5,0.125,4.0,0.0,0.0,0.0,3.0,7.016621468106494,selected_checkpoint_exposed_development_diagnostic
frozen_check,dt_handoff_drl,61,72,7fff3e4d406a77e5993618424a50b62ca3065434d293176dfacc1d5c0eed2f86,0.25,1.0,0.625,0.0,0.0,0.0,1.0,80.02863073609959,298.733776875,297.183288,0.0,1.550488875,25.587502399099584,0.0,0.0,4.125,0.0,2.75,0.0,0.0,8.208600786010118,selected_checkpoint_exposed_development_diagnostic
frozen_check,dt_handoff_drl,7,48,0e68fe7b901d6acf88c6c58ff538913c981edbdccdc908cbb4665e5477951281,0.25,1.0,0.25,0.0,0.0,0.0,1.0,94.81011443618934,1223.42551725,1222.518038,0.30270425,0.604775,40.40902055418935,1.625,0.0,1.625,0.0,0.25,0.0,5.0,6.595488943817081,selected_checkpoint_exposed_development_diagnostic
frozen_check,mappo,17,96,f275d9ef15d806ad5b875adcbf75021386f37413c035be1d041187626aad70f7,0.25,1.0,0.25,0.25,0.375,0.75,1.0,100.34579650024585,1224.543417375,1223.723281,0.250298625,0.56983775,47.113944673245854,1.75,0.375,2.25,0.0,0.0,0.0,5.0,5.027113815881271,selected_checkpoint_exposed_development_diagnostic
frozen_check,mappo,29,72,b8d99e1869b33af676c89706e606767846fedf0638a0c83c592745bd5aaa1464,0.125,1.0,0.375,0.0,0.0,0.0,1.0,104.98769863492578,1096.429698125,1095.639809,0.16222425,0.627664875,53.618316822925784,0.125,0.0,4.125,0.0,0.0,0.0,2.75,5.340419244534614,selected_checkpoint_exposed_development_diagnostic
frozen_check,mappo,43,48,071b82ef5611a5d4023b8ac8ff85a09d15bc47d04147eeca1b3eee8e7af75d93,0.125,1.0,0.25,0.0,0.0,0.0,1.0,103.39553108992578,1224.5276456249999,1223.723281,0.22368425,0.580680375,50.92093357292578,0.125,0.0,3.875,0.0,0.0,0.0,3.0,5.4081423930002845,selected_checkpoint_exposed_development_diagnostic
frozen_check,mappo,61,72,43a883d3a62d4360d445894043f41110cae3dd6583a6977537740665acfcc348,0.25,1.0,0.25,0.0,0.0,0.0,1.0,94.20171161024585,1224.559681125,1223.723281,0.30270425,0.533695875,41.71917817324586,0.75,0.0,2.75,0.0,0.0,0.0,4.125,6.64363303368251,selected_checkpoint_exposed_development_diagnostic
frozen_check,mappo,7,48,1c25c8a1a41daa25df63d44e18ac9838a1f065458ff4e10676068d5938d9d728,0.25,1.0,0.375,0.375,0.75,1.5,1.0,97.45084893024585,1245.135127375,1244.231453,0.250710125,0.65296425,42.16874204824585,2.5,0.625,1.5,0.0,0.125,0.0,6.0,4.124120859294803,selected_checkpoint_exposed_development_diagnostic
frozen_check,ppo,17,24,d7e6a38bb0c8e5061c51682b7e78352b63bd7bb276063ccd03251ae9f455ca8c,0.0,1.0,0.625,0.0,0.0,0.0,1.0,127.59091924403837,799.497408625,798.4565210000001,0.0,1.040887625,79.08406752003837,0.0,0.0,6.875,0.0,0.0,0.0,0.0,3.170431467977411,selected_checkpoint_exposed_development_diagnostic
frozen_check,ppo,29,72,bae92a36d8bf991fd40c81101a1c6d5a217f2e7f001585fba349888583cdf374,0.125,1.0,0.375,0.0,0.0,0.0,1.0,70.475381891,4.422387,2.410486,0.0,2.011901,1.348691625,0.0,0.0,1.875,0.0,5.0,0.0,0.0,8.609910114296607,selected_checkpoint_exposed_development_diagnostic
frozen_check,ppo,43,24,a069e5f1229f9e8136e4a65a0c815095ea25a2832d566f695318b71727321cbe,0.125,1.0,0.625,0.0,0.0,0.0,1.0,86.41921060059337,2.167311125,0.0,0.0,2.167311125,19.376203437593375,0.0,0.0,2.125,0.0,4.75,0.0,0.0,7.335453919064066,selected_checkpoint_exposed_development_diagnostic
frozen_check,ppo,61,72,145f80dc6ec714756e9f44bd624b0e24034f6e7ab8194e57deaa9389534be577,0.125,1.0,0.625,0.0,0.0,0.0,1.0,78.21145115900818,170.63946224999998,169.099816,0.0,1.53964625,25.870358468008174,0.0,0.0,4.25,0.0,2.625,0.0,0.0,7.913623715622511,selected_checkpoint_exposed_development_diagnostic
frozen_check,ppo,7,72,b5df9f0a61a4c2d7d537e461779c20cb36497e9a4dce5ac8f465d5cb99201102,0.125,1.0,0.375,0.0,0.0,0.0,1.0,73.57226058789558,3.158112125,1.205243,0.0,1.952869125,8.496757520895583,0.0,0.0,0.125,0.0,4.5,2.25,0.0,8.362748542410763,selected_checkpoint_exposed_development_diagnostic
frozen_check,sa_ghmappo,17,72,a032e86fb9578c1a5eac987fce0f32d0814aa10dfd73717c19d8ba5653feb6ff,0.25,1.0,0.25,0.0,0.0,0.0,1.0,104.71691313863319,799.34084525,798.4565210000001,0.0904065,0.79391775,56.191048525633185,0.0,0.0,3.375,0.0,0.0,2.125,1.375,6.000424861912574,selected_checkpoint_exposed_development_diagnostic
frozen_check,sa_ghmappo,29,48,d3ef17b3330cbcfc7e8dcd159f62cbb202d22adcd404a5acc90b58617caa8f67,0.125,1.0,0.375,0.375,0.75,1.5,1.0,120.17322808583097,739.1849008749999,738.137248,0.0995295,0.948123375,72.24047900483097,1.375,0.375,1.875,0.0,0.0,2.875,2.875,2.041931960633626,selected_checkpoint_exposed_development_diagnostic
frozen_check,sa_ghmappo,43,48,f7ca337f5a95ab624ec5d2b9e4b19dbffb93576b1dbce490ad4e578a7e8214fa,0.25,1.0,0.25,0.0,0.0,0.0,1.0,104.72143693463318,799.40196225,798.4565210000001,0.1515235,0.79391775,56.191048525633185,0.125,0.0,3.625,0.0,0.0,1.625,1.625,6.000034498411678,selected_checkpoint_exposed_development_diagnostic
frozen_check,sa_ghmappo,61,24,e58f7871b38f469396bbcf75fa861a5bae3b7e3a1f3241f8b488eeda7181e5d2,0.0,0.875,0.5,0.125,1.75,3.5,0.875,126.70988856946988,1075.124699625,1073.926394,0.1682605,1.030045125,68.5095198264699,0.875,1.75,2.25,0.0,0.875,2.25,2.375,-3.887435037201315,selected_checkpoint_exposed_development_diagnostic
frozen_check,sa_ghmappo,7,48,d75a9d000ca9aa83e78f565b635afb1274412f949c31d166fdca465d80ea8555,0.0,1.0,0.5,0.5,1.25,2.5,1.0,112.04165181655725,1.5269715,0.0,0.1258695,1.401102,66.50795562655723,1.625,0.75,0.0,0.0,1.75,3.125,3.25,1.0359568031610482,selected_checkpoint_exposed_development_diagnostic
regression,dt_handoff_drl,17,96,4c9b31da0913187f7ed3051eab48d904b091a25513cd442b989caaa44e73fe37,0.5833333333333334,1.0,0.08333333333333333,0.0,0.0,0.0,1.0,69.09617068429341,927.6516646666666,926.9417406666666,0.35412675,0.35579725,23.774327066293406,0.5,0.0,2.6666666666666665,0.0,0.0,0.5833333333333334,3.5833333333333335,10.040334876914681,selected_checkpoint_exposed_development_diagnostic
regression,dt_handoff_drl,29,72,5c0d272628aa67b2ebb86aba3b346ec4eb1e1543d35ec4816393c7060a8597fe,0.5833333333333334,1.0,0.25,0.0,0.0,0.0,1.0,74.63405958055714,1378.6731164166667,1378.0168953333334,0.29239233333333337,0.36382875000000003,25.392757205223795,0.8333333333333334,0.0,3.25,0.0,0.0,0.0,3.5833333333333335,9.387280535388273,selected_checkpoint_exposed_development_diagnostic
regression,dt_handoff_drl,43,96,d9431d3a16ac66a2e42a3a6946af353c1d10f3671ed71c5eb9ee97f5842a0482,0.5833333333333334,1.0,0.25,0.0,0.0,0.0,1.0,73.49962257032453,1012.9928070833333,1012.330722,0.25087025,0.41121483333333336,27.460750982991197,0.3333333333333333,0.0,4.0,0.0,0.0,0.0,2.8333333333333335,9.648318659794132,selected_checkpoint_exposed_development_diagnostic
regression,dt_handoff_drl,61,72,7fff3e4d406a77e5993618424a50b62ca3065434d293176dfacc1d5c0eed2f86,0.5,1.0,0.16666666666666666,0.0,0.0,0.0,1.0,71.64193099339002,308.7120254166667,307.64142133333337,0.0,1.0706040833333332,17.34187552005669,0.0,0.0,4.083333333333333,0.0,2.75,0.0,0.0,9.79155694803256,selected_checkpoint_exposed_development_diagnostic
regression,dt_handoff_drl,7,48,0e68fe7b901d6acf88c6c58ff538913c981edbdccdc908cbb4665e5477951281,0.5833333333333334,1.0,0.25,0.16666666666666666,0.25,0.5,1.0,76.19676442342906,1195.1726835,1194.3703133333333,0.40721833333333335,0.3951518333333333,26.750750109429056,1.6666666666666667,0.25,1.6666666666666667,0.0,0.16666666666666666,0.0,5.25,8.597713195772021,selected_checkpoint_exposed_development_diagnostic
regression,mappo,17,96,f275d9ef15d806ad5b875adcbf75021386f37413c035be1d041187626aad70f7,0.5833333333333334,1.0,0.25,0.08333333333333333,0.16666666666666666,0.3333333333333333,1.0,74.26861835045639,1378.7775650833332,1378.0168953333334,0.3896125833333333,0.37105716666666666,24.673455052456394,1.1666666666666667,0.16666666666666666,2.3333333333333335,0.0,0.0,0.0,4.666666666666667,8.916467196095754,selected_checkpoint_exposed_development_diagnostic
regression,mappo,29,72,b8d99e1869b33af676c89706e606767846fedf0638a0c83c592745bd5aaa1464,0.5833333333333334,1.0,0.16666666666666666,0.0,0.0,0.0,1.0,77.4970061272238,1293.2653068333334,1292.6279140000001,0.257501,0.3798918333333333,28.989268205223794,0.25,0.0,3.9166666666666665,0.0,0.0,0.0,2.9166666666666665,9.198015922211649,selected_checkpoint_exposed_development_diagnostic
regression,mappo,43,48,071b82ef5611a5d4023b8ac8ff85a09d15bc47d04147eeca1b3eee8e7af75d93,0.5833333333333334,1.0,0.25,0.0,0.0,0.0,1.0,73.9253902364564,1378.6992324999999,1378.0168953333334,0.342603,0.33973416666666667,24.673455052456394,0.25,0.0,3.4166666666666665,0.0,0.0,0.0,3.4166666666666665,9.443961921667347,selected_checkpoint_exposed_development_diagnostic
regression,mappo,61,72,43a883d3a62d4360d445894043f41110cae3dd6583a6977537740665acfcc348,0.5833333333333334,1.0,0.25,0.0,0.0,0.0,1.0,73.9253902364564,1378.6992324999999,1378.0168953333334,0.342603,0.33973416666666667,24.673455052456394,0.8333333333333334,0.0,2.75,0.0,0.0,0.0,4.083333333333333,9.443961921667347,selected_checkpoint_exposed_development_diagnostic
regression,mappo,7,48,1c25c8a1a41daa25df63d44e18ac9838a1f065458ff4e10676068d5938d9d728,0.5833333333333334,1.0,0.25,0.3333333333333333,0.8333333333333334,1.6666666666666667,1.0,76.54000748950529,1281.3089315,1280.56279,0.39034425,0.35579725,26.469557926838622,2.25,0.5833333333333334,1.5,0.08333333333333333,0.0,0.0,6.083333333333333,6.780143434358383,selected_checkpoint_exposed_development_diagnostic
regression,ppo,17,24,d7e6a38bb0c8e5061c51682b7e78352b63bd7bb276063ccd03251ae9f455ca8c,0.25,1.0,0.25,0.0,0.0,0.0,1.0,104.18948373448076,825.2778634166667,824.6666633333333,0.0,0.6112000833333333,60.03469629714743,0.0,0.0,6.833333333333333,0.0,0.0,0.0,0.0,5.94720801564302,selected_checkpoint_exposed_development_diagnostic
regression,ppo,29,72,bae92a36d8bf991fd40c81101a1c6d5a217f2e7f001585fba349888583cdf374,0.4166666666666667,1.0,0.08333333333333333,0.0,0.0,0.0,1.0,66.4489352487674,100.40075683333335,99.061096,0.0,1.3396608333333333,0.719302152767403,0.0,0.0,2.4166666666666665,0.0,4.416666666666667,0.0,0.0,9.970665767758259,selected_checkpoint_exposed_development_diagnostic
regression,ppo,43,24,a069e5f1229f9e8136e4a65a0c815095ea25a2832d566f695318b71727321cbe,0.25,1.0,0.4166666666666667,0.0,0.0,0.0,1.0,76.62054748652966,1.5452681666666668,0.0,0.0,1.5452681666666668,8.49460477719632,0.0,0.0,2.0,0.0,4.833333333333333,0.0,0.0,8.536303296180568,selected_checkpoint_exposed_development_diagnostic
regression,ppo,61,72,145f80dc6ec714756e9f44bd624b0e24034f6e7ab8194e57deaa9389534be577,0.5833333333333334,1.0,0.16666666666666666,0.0,0.0,0.0,1.0,62.85247912379297,308.61645016666665,307.64142133333337,0.0,0.9750288333333333,11.227806631126299,0.0,0.0,4.416666666666667,0.0,2.4166666666666665,0.0,0.0,10.828090936627607,selected_checkpoint_exposed_development_diagnostic
regression,ppo,7,72,b5df9f0a61a4c2d7d537e461779c20cb36497e9a4dce5ac8f465d5cb99201102,0.4166666666666667,1.0,0.08333333333333333,0.0,0.0,0.0,1.0,66.79442195351409,99.5972615,98.25760066666668,0.0,1.3396608333333333,2.455463318847423,0.0,0.0,0.16666666666666666,0.0,4.25,2.4166666666666665,0.0,9.94340098804979,selected_checkpoint_exposed_development_diagnostic
regression,sa_ghmappo,17,72,a032e86fb9578c1a5eac987fce0f32d0814aa10dfd73717c19d8ba5653feb6ff,0.5833333333333334,1.0,0.08333333333333333,0.0,0.0,0.0,1.0,74.94230703649013,727.9001245833333,727.2125580000001,0.17194175,0.5156248333333333,30.951776715156793,0.3333333333333333,0.0,2.1666666666666665,0.0,0.08333333333333333,2.6666666666666665,1.9166666666666667,9.66566052803585,selected_checkpoint_exposed_development_diagnostic
regression,sa_ghmappo,29,48,d3ef17b3330cbcfc7e8dcd159f62cbb202d22adcd404a5acc90b58617caa8f67,0.5833333333333334,1.0,0.08333333333333333,0.25,0.5,1.0,1.0,70.8455167511002,409.0930676666667,408.309508,0.22777708333333335,0.5557825833333333,28.126775238433535,0.8333333333333334,0.3333333333333333,1.5833333333333333,0.0,0.16666666666666666,2.8333333333333335,2.75,8.641859855393651,selected_checkpoint_exposed_development_diagnostic
regression,sa_ghmappo,43,48,f7ca337f5a95ab624ec5d2b9e4b19dbffb93576b1dbce490ad4e578a7e8214fa,0.5,1.0,0.16666666666666666,0.0,0.0,0.0,1.0,77.65449348142052,825.3565924166667,824.6666633333333,0.19759575000000001,0.49233333333333335,33.46933460408719,0.3333333333333333,0.0,2.75,0.0,0.0,2.3333333333333335,1.75,9.069970574840351,selected_checkpoint_exposed_development_diagnostic
regression,sa_ghmappo,61,24,e58f7871b38f469396bbcf75fa861a5bae3b7e3a1f3241f8b488eeda7181e5d2,0.5,1.0,0.25,0.08333333333333333,0.16666666666666666,0.3333333333333333,1.0,78.39893558872011,1267.761723,1266.8906753333333,0.38915525,0.48189241666666666,27.19101294138678,1.0,0.16666666666666666,1.9166666666666667,0.0,0.3333333333333333,0.5833333333333334,4.166666666666667,8.3044042636374,selected_checkpoint_exposed_development_diagnostic
regression,sa_ghmappo,7,48,d75a9d000ca9aa83e78f565b635afb1274412f949c31d166fdca465d80ea8555,0.4166666666666667,1.0,0.3333333333333333,0.4166666666666667,1.25,2.5,1.0,77.48164908065631,1.0334206666666665,0.0,0.16119541666666667,0.8722252500000001,34.19342968465631,1.4166666666666667,0.75,0.0,0.0,1.4166666666666667,3.3333333333333335,3.3333333333333335,5.384320182882858,selected_checkpoint_exposed_development_diagnostic
