method,seed,prefix_steps,short_prefix_sha256,long_prefix_sha256,exact_row_mismatches,maximum_numeric_absolute_difference,nonnumeric_field_mismatches,numerically_equivalent_at_1e_12,trajectory_mismatches,exact_prefix_match,trajectory_match,interpretation
dt_handoff_drl,17,1440,ecdc7c23ca85cf0171a715b00206c381aacde01e42af0644634fd644600397dd,4c7ba29b77c1b8383d412dfc0b09a2935e7c5be571fbf1732eb6f71e7248b76f,75,1.7763568394002505e-15,0,True,0,False,True,numerically_equivalent_serialization_difference
dt_handoff_drl,29,1440,38bf3c718806d5720a46481ea3b1c548666fd0756de15dce1e6b7990178a8f58,000b9a22207cc0b1c83b0a83e980286785ff90943d85a0a9f1da263c23df49ad,108,1.7763568394002505e-15,0,True,0,False,True,numerically_equivalent_serialization_difference
dt_handoff_drl,43,1440,37f3aa868493e74151c90603163a3ea6ec4e5a4469ebc1a98e09e6ff8480f7dd,723ac3325c691fe2fd89691ec5dd64b777a755e217929e31c2276076ed0cc8ed,109,1.7763568394002505e-15,0,True,0,False,True,numerically_equivalent_serialization_difference
dt_handoff_drl,61,1440,d36b805d224e3183d55dcad11ed239eb76f147b7d9f238cac14146b00e6284e3,314c1f9a2d4040a940fb5a46cc95d51d46f53326ef4c20c1924e70afd3146ee1,115,1.7763568394002505e-15,0,True,0,False,True,numerically_equivalent_serialization_difference
dt_handoff_drl,7,1440,af44b66b5444dc17b742e7eb3522d4e04a2b32f1215d773c091c15d54ae6eb12,5569dcece11da9e5caa24a12fd2ef35004a96dd9709e11ad39d45099ea7a8024,81,3.552713678800501e-15,0,True,0,False,True,numerically_equivalent_serialization_difference
mappo,17,1440,f91327e417adb4ef5436bc600d016d3fffefd92598822aaabffd025d9a1ab0d9,ba857d57f2f3dce119f702008eb0444cbc68796fdb887abc8b237a5cc61010be,145,3.552713678800501e-15,0,True,0,False,True,numerically_equivalent_serialization_difference
mappo,29,1440,612d0be66cdafb9e07b86c6b33106fb76fc639b60637558ad264bb0104d60650,ebd02141347b4d092ccddb882c57fbb58fb23d10d86c0d1fed3af1c30822325e,97,1.7763568394002505e-15,0,True,0,False,True,numerically_equivalent_serialization_difference
mappo,43,1440,0676393363cb02cf2c224a50ca9069951e358b4b0ea3208571504dc479c71606,bef599f0ee94fa692465a70e6c096ddb7f5cf3f6213e4eff137f45a3d4a418d1,100,1.7763568394002505e-15,0,True,0,False,True,numerically_equivalent_serialization_difference
mappo,61,1440,8ca9d4a068b57e437680872e076f9e462bb870c893be7d63bc9dbf69b930613c,4cbceadbd7da3003a0eb3036137d3756ca0f291de27a47631e5df40fcca2952d,120,1.7763568394002505e-15,0,True,0,False,True,numerically_equivalent_serialization_difference
mappo,7,1440,b31f06fee128755c4f487e123f3f6aea3a1041308b7c9d9e4b268b1caa4619d3,702707ab9ced75774600ad3b6f5f98b9d0184186414f7da4cf9fb75e13b6fa65,90,1.7763568394002505e-15,0,True,0,False,True,numerically_equivalent_serialization_difference
ppo,17,1440,e020c3a19d69e4d216c8476f267b1f47c97c04c90a54b281f540f54dc33937b8,57e5fd17b3f263c1f5bd9892b1b5c00f893293879f5054da05ec7082e7d7e969,98,1.7763568394002505e-15,0,True,0,False,True,numerically_equivalent_serialization_difference
ppo,29,1440,ecf8a684e9f38c08852f0163eb0ef06409780ec00e231506d4c1ef050067bc37,c209cfcb3168d9b0c5ca02cebce31f4044cabaa1a5e3c53e122b2309ac9554b0,132,1.7763568394002505e-15,0,True,0,False,True,numerically_equivalent_serialization_difference
ppo,43,1440,b41ba66cec6f07f39e1de66d6b0a3b6fc7aa64ce18ef314b6506e05573608128,ba706f14fb8cf0ee6f32d433482030054f47c42759728dcab26bba278cb8653f,118,8.881784197001252e-16,0,True,0,False,True,numerically_equivalent_serialization_difference
ppo,61,1440,2562ceca5bc22aa617d6de013bd590d440be94d1437261766977acfb4ae00fbe,e0fe2ba410fd84fa9921ba7fea52621e824e1c1b2b5e28895e7a053e9adb657b,85,1.7763568394002505e-15,0,True,0,False,True,numerically_equivalent_serialization_difference
ppo,7,1440,1370a26870dbccb1da1226c37fe1615f6c93d1a84864704a9c7f4f0ab2f27dc4,af905f3a00e0cad6aae4017a7f55797881fa0370d9077cfab4a76c0e6f012369,108,1.7763568394002505e-15,0,True,0,False,True,numerically_equivalent_serialization_difference
sa_ghmappo,17,1440,a3a001a7d0482ef82ca42f8195243338ebc6a40a8f56cb2fbb6a3707d71f65fc,062f7ab38187a0d4487bfb664c18dade48006ead62c6873bfb283e7ee1e6d22b,95,3.552713678800501e-15,0,True,0,False,True,numerically_equivalent_serialization_difference
sa_ghmappo,29,1440,56b8b8b8a6612a2d3272a02e69b036692101da934d7f29e565e6167f11033411,6abdcd23851bfdeadaa12c46939a17c53b224784a1e4236125c0b1f61140198e,119,1.7763568394002505e-15,0,True,0,False,True,numerically_equivalent_serialization_difference
sa_ghmappo,43,1440,26a17b5db3b6618062bf4b0078c5bd0febe2baede940d316b3750667869106ab,08c65642eec40b6230a92edd324954539f8b901364c70888e2f24b8f4c222a48,133,1.7763568394002505e-15,0,True,0,False,True,numerically_equivalent_serialization_difference
sa_ghmappo,61,1440,03bfebbe151ee067db8ac2118a9ed28d58e8a6760803d5aa38164d2642eadc13,ace956cde29068d9f6b0337e85d41b35f9d2c0869e6e2cfe476f92ab79af6a52,113,1.7763568394002505e-15,0,True,0,False,True,numerically_equivalent_serialization_difference
sa_ghmappo,7,1440,024b2109306b99417a4c94d1a45baf952435c7279712cc55ac8aef9b779fd380,7e9b49361481615d168315619d36a23e8970ae89f3a96803e2148124d7e0c8cb,130,1.7763568394002505e-15,0,True,0,False,True,numerically_equivalent_serialization_difference
