method,seed,update_index,short_checkpoint_sha256,long_checkpoint_sha256,checkpoint_bytes_identical
dt_handoff_drl,17,24,60d7e5f95681002356db7b53519b95ce893ea683b4124c993dfd482d789d9d92,60d7e5f95681002356db7b53519b95ce893ea683b4124c993dfd482d789d9d92,True
dt_handoff_drl,29,24,6f04b71d284b7829d8457ab765e4dba2a51ea1fb358ea271c70999a83dd2d4aa,6f04b71d284b7829d8457ab765e4dba2a51ea1fb358ea271c70999a83dd2d4aa,True
dt_handoff_drl,43,24,0ac5f0d86993f3c280f4b0d0be5409b1fb79936e9b975c6c2a3a82d2c2d575b6,0ac5f0d86993f3c280f4b0d0be5409b1fb79936e9b975c6c2a3a82d2c2d575b6,True
dt_handoff_drl,61,24,2ae2aa14e42c75e100724655e4ba0834169e857f968ba4ce1ac041d189eeba82,2ae2aa14e42c75e100724655e4ba0834169e857f968ba4ce1ac041d189eeba82,True
dt_handoff_drl,7,24,16ab2ebdc834383bbbbb587ac186eab2418c55c9a0e582ecfe38094002758f0a,16ab2ebdc834383bbbbb587ac186eab2418c55c9a0e582ecfe38094002758f0a,True
mappo,17,24,f235e67244d68ab773e8d470dcb2b42bf73ae49cb818cdc6bbd27c477539eb31,f235e67244d68ab773e8d470dcb2b42bf73ae49cb818cdc6bbd27c477539eb31,True
mappo,29,24,6d3eac30fe1c376cbc744405a924f3e159417dabbbda1d9a2bcff94fedf9d0f3,6d3eac30fe1c376cbc744405a924f3e159417dabbbda1d9a2bcff94fedf9d0f3,True
mappo,43,24,a5d40af2d236b582d1372b402bdf6b31ed7787ab6470558597b0ad3716ca9e43,a5d40af2d236b582d1372b402bdf6b31ed7787ab6470558597b0ad3716ca9e43,True
mappo,61,24,dfa8bda4faf40ae4908e27f1c9b9f4ac131ffdf16f21a2548a2baa903552ab7d,dfa8bda4faf40ae4908e27f1c9b9f4ac131ffdf16f21a2548a2baa903552ab7d,True
mappo,7,24,d59ede201de8f5c90ff7b775eed91d6922d4db8b37add276904ed3710128ba65,d59ede201de8f5c90ff7b775eed91d6922d4db8b37add276904ed3710128ba65,True
ppo,17,24,9c2e56cda61ae7c129d80b90eef4a3c749e2702665e301481cdd0552fa4f1fc4,9c2e56cda61ae7c129d80b90eef4a3c749e2702665e301481cdd0552fa4f1fc4,True
ppo,29,24,ff2f041e585ca8c1e5fc8d2885a957e3fbcdece2d7aaeab5db5e1a6420e992a4,ff2f041e585ca8c1e5fc8d2885a957e3fbcdece2d7aaeab5db5e1a6420e992a4,True
ppo,43,24,d36706e67f1758b6280adf322394203a4ca9d7353c1e1682b2a8a7b314a9ea28,d36706e67f1758b6280adf322394203a4ca9d7353c1e1682b2a8a7b314a9ea28,True
ppo,61,24,9d7dab6a3e067d804bb9bdbebbd44fef386b1666d050355f4c806a2f003466e5,9d7dab6a3e067d804bb9bdbebbd44fef386b1666d050355f4c806a2f003466e5,True
ppo,7,24,4249912bf2630cb4e31b7232ee111169c1c5b0aa76f9535cc681bfdbeb9c39f4,4249912bf2630cb4e31b7232ee111169c1c5b0aa76f9535cc681bfdbeb9c39f4,True
sa_ghmappo,17,24,e690b7d8283d8730193e08748b3c04d5700389df477f36f86b5d4e84904d2812,e690b7d8283d8730193e08748b3c04d5700389df477f36f86b5d4e84904d2812,True
sa_ghmappo,29,24,0d0c31920274a46c7dfd4eb5bf2d98747a32b19aeece6863187a2bfa019a1fa0,0d0c31920274a46c7dfd4eb5bf2d98747a32b19aeece6863187a2bfa019a1fa0,True
sa_ghmappo,43,24,8b8318005aa1b66a2c3890f786b2aafa6db83148e6ac6547dd705ca93e0e1564,8b8318005aa1b66a2c3890f786b2aafa6db83148e6ac6547dd705ca93e0e1564,True
sa_ghmappo,61,24,cf530324b12133394a9bc275ff22e4a323b37c16863a519551a800bacfea1d23,cf530324b12133394a9bc275ff22e4a323b37c16863a519551a800bacfea1d23,True
sa_ghmappo,7,24,de5d82bf45b17704fd0d51b1568a1214b7c524382723957cfac9f6619cc9da40,de5d82bf45b17704fd0d51b1568a1214b7c524382723957cfac9f6619cc9da40,True
