candidate_agent,baseline_agent,metric,higher_is_better,signed_positive_favors_candidate,total_pair_count,available_paired_count,candidate_only_available_drop_count,baseline_only_available_drop_count,both_unavailable_drop_count,availability_coverage,endpoint_availability,paired_count,bootstrap_unit,cluster_count,outer_cluster_count,inner_cluster_count,mean_delta,ci95_low,ci95_high,ci95_method,percentile_ci95_low,percentile_ci95_high,bca_ci95_low,bca_ci95_high,bca_available,std_delta,cohen_dz,outer_cluster_std_delta,outer_cluster_cohen_d,wins,ties,losses,paired_row_wins,paired_row_ties,paired_row_losses,sign_test_unit,sign_test_effective_count,sign_test_denominator,low_outer_cluster_count,sign_test_pvalue_exact,sign_test_pvalue,raw_mean_delta_candidate_minus_baseline,raw_ci95_low,raw_ci95_high,raw_delta_definition,signed_delta_definition,holm_sign_test_pvalue,holm_family,holm_available_family_size,holm_preregistered_family_size,holm_unavailable_family_count
sa_ghmappo,reactive_lru,full_service_ready_byte_hit_rate,True,True,540,540,0,0,0,1.0,AVAILABLE,540,hierarchical,12,12,540,0.001416,0.0,0.004357,bca,0.0,0.003595,0.0,0.004357,True,0.009025,0.156915,0.003319,0.426662,2,10,0,13,527,0,outer_cluster_mean,12,2,False,0.5,0.5,0.001416,0.0,0.004357,candidate_minus_baseline,positive_favors_candidate,1.0,all_baseline_metric_comparisons,84,84,0
sa_ghmappo,reactive_lru,joint_base_adapter_hit_rate,True,True,540,540,0,0,0,1.0,AVAILABLE,540,hierarchical,12,12,540,0.002723,0.0,0.008061,bca,0.0,0.006754,0.0,0.008061,True,0.012372,0.220122,0.006511,0.418254,2,10,0,25,515,0,outer_cluster_mean,12,2,False,0.5,0.5,0.002723,0.0,0.008061,candidate_minus_baseline,positive_favors_candidate,1.0,all_baseline_metric_comparisons,84,84,0
sa_ghmappo,reactive_lru,full_service_ready_request_rate,True,True,540,540,0,0,0,1.0,AVAILABLE,540,hierarchical,12,12,540,0.001416,0.0,0.004466,bca,0.0,0.003595,0.0,0.004466,True,0.009025,0.156915,0.003319,0.426662,2,10,0,13,527,0,outer_cluster_mean,12,2,False,0.5,0.5,0.001416,0.0,0.004466,candidate_minus_baseline,positive_favors_candidate,1.0,all_baseline_metric_comparisons,84,84,0
sa_ghmappo,reactive_lru,transfer_mb_per_request,False,True,540,540,0,0,0,1.0,AVAILABLE,540,hierarchical,12,12,540,-2.440697,-4.754924,-1.322853,bca,-4.156279,-1.101703,-4.754924,-1.322853,True,6.945725,-0.351396,2.68121,-0.910297,0,3,9,0,440,100,outer_cluster_mean,12,9,False,0.00390625,0.003906,2.440697,1.322853,4.754924,candidate_minus_baseline,positive_favors_candidate,0.328125,all_baseline_metric_comparisons,84,84,0
sa_ghmappo,reactive_lru,workflow_continuity_rate,True,True,540,540,0,0,0,1.0,AVAILABLE,540,hierarchical,12,12,540,0.001416,0.0,0.004248,bca,0.0,0.003595,0.0,0.004248,True,0.009025,0.156915,0.003319,0.426662,2,10,0,13,527,0,outer_cluster_mean,12,2,False,0.5,0.5,0.001416,0.0,0.004248,candidate_minus_baseline,positive_favors_candidate,1.0,all_baseline_metric_comparisons,84,84,0
sa_ghmappo,reactive_lru,end_to_end_workflow_delay,False,True,540,220,0,0,320,0.407407,AVAILABLE,220,hierarchical,9,9,220,0.0,0.0,0.0,bca,0.0,0.0,0.0,0.0,True,0.0,0.0,0.0,0.0,0,9,0,0,220,0,outer_cluster_mean,9,0,True,1.0,1.0,-0.0,-0.0,-0.0,candidate_minus_baseline,positive_favors_candidate,1.0,all_baseline_metric_comparisons,84,84,0
sa_ghmappo,reactive_fifo,full_service_ready_byte_hit_rate,True,True,540,540,0,0,0,1.0,AVAILABLE,540,hierarchical,12,12,540,0.001416,0.0,0.004466,bca,0.0,0.003595,0.0,0.004466,True,0.009025,0.156915,0.003319,0.426662,2,10,0,13,527,0,outer_cluster_mean,12,2,False,0.5,0.5,0.001416,0.0,0.004466,candidate_minus_baseline,positive_favors_candidate,1.0,all_baseline_metric_comparisons,84,84,0
sa_ghmappo,reactive_fifo,joint_base_adapter_hit_rate,True,True,540,540,0,0,0,1.0,AVAILABLE,540,hierarchical,12,12,540,0.002723,0.0,0.008388,bca,0.0,0.006863,0.0,0.008388,True,0.012372,0.220122,0.006511,0.418254,2,10,0,25,515,0,outer_cluster_mean,12,2,False,0.5,0.5,0.002723,0.0,0.008388,candidate_minus_baseline,positive_favors_candidate,1.0,all_baseline_metric_comparisons,84,84,0
sa_ghmappo,reactive_fifo,full_service_ready_request_rate,True,True,540,540,0,0,0,1.0,AVAILABLE,540,hierarchical,12,12,540,0.001416,0.0,0.004466,bca,0.0,0.003595,0.0,0.004466,True,0.009025,0.156915,0.003319,0.426662,2,10,0,13,527,0,outer_cluster_mean,12,2,False,0.5,0.5,0.001416,0.0,0.004466,candidate_minus_baseline,positive_favors_candidate,1.0,all_baseline_metric_comparisons,84,84,0
sa_ghmappo,reactive_fifo,transfer_mb_per_request,False,True,540,540,0,0,0,1.0,AVAILABLE,540,hierarchical,12,12,540,-2.440697,-4.837596,-1.331135,bca,-4.162014,-1.113759,-4.837596,-1.331135,True,6.945725,-0.351396,2.68121,-0.910297,0,3,9,0,440,100,outer_cluster_mean,12,9,False,0.00390625,0.003906,2.440697,1.331135,4.837596,candidate_minus_baseline,positive_favors_candidate,0.328125,all_baseline_metric_comparisons,84,84,0
sa_ghmappo,reactive_fifo,workflow_continuity_rate,True,True,540,540,0,0,0,1.0,AVAILABLE,540,hierarchical,12,12,540,0.001416,0.0,0.004463,bca,0.0,0.003595,0.0,0.004463,True,0.009025,0.156915,0.003319,0.426662,2,10,0,13,527,0,outer_cluster_mean,12,2,False,0.5,0.5,0.001416,0.0,0.004463,candidate_minus_baseline,positive_favors_candidate,1.0,all_baseline_metric_comparisons,84,84,0
sa_ghmappo,reactive_fifo,end_to_end_workflow_delay,False,True,540,220,0,0,320,0.407407,AVAILABLE,220,hierarchical,9,9,220,0.0,0.0,0.0,bca,0.0,0.0,0.0,0.0,True,0.0,0.0,0.0,0.0,0,9,0,0,220,0,outer_cluster_mean,9,0,True,1.0,1.0,-0.0,-0.0,-0.0,candidate_minus_baseline,positive_favors_candidate,1.0,all_baseline_metric_comparisons,84,84,0
sa_ghmappo,reactive_lfu,full_service_ready_byte_hit_rate,True,True,540,540,0,0,0,1.0,AVAILABLE,540,hierarchical,12,12,540,0.001416,0.0,0.004466,bca,0.0,0.003595,0.0,0.004466,True,0.009025,0.156915,0.003319,0.426662,2,10,0,13,527,0,outer_cluster_mean,12,2,False,0.5,0.5,0.001416,0.0,0.004466,candidate_minus_baseline,positive_favors_candidate,1.0,all_baseline_metric_comparisons,84,84,0
sa_ghmappo,reactive_lfu,joint_base_adapter_hit_rate,True,True,540,540,0,0,0,1.0,AVAILABLE,540,hierarchical,12,12,540,0.002723,0.0,0.00817,bca,0.0,0.006754,0.0,0.00817,True,0.012372,0.220122,0.006511,0.418254,2,10,0,25,515,0,outer_cluster_mean,12,2,False,0.5,0.5,0.002723,0.0,0.00817,candidate_minus_baseline,positive_favors_candidate,1.0,all_baseline_metric_comparisons,84,84,0
sa_ghmappo,reactive_lfu,full_service_ready_request_rate,True,True,540,540,0,0,0,1.0,AVAILABLE,540,hierarchical,12,12,540,0.001416,0.0,0.004357,bca,0.0,0.003595,0.0,0.004357,True,0.009025,0.156915,0.003319,0.426662,2,10,0,13,527,0,outer_cluster_mean,12,2,False,0.5,0.5,0.001416,0.0,0.004357,candidate_minus_baseline,positive_favors_candidate,1.0,all_baseline_metric_comparisons,84,84,0
sa_ghmappo,reactive_lfu,transfer_mb_per_request,False,True,540,540,0,0,0,1.0,AVAILABLE,540,hierarchical,12,12,540,-2.440697,-4.799146,-1.324788,bca,-4.173789,-1.107142,-4.799146,-1.324788,True,6.945725,-0.351396,2.68121,-0.910297,0,3,9,0,440,100,outer_cluster_mean,12,9,False,0.00390625,0.003906,2.440697,1.324788,4.799146,candidate_minus_baseline,positive_favors_candidate,0.328125,all_baseline_metric_comparisons,84,84,0
sa_ghmappo,reactive_lfu,workflow_continuity_rate,True,True,540,540,0,0,0,1.0,AVAILABLE,540,hierarchical,12,12,540,0.001416,0.0,0.004357,bca,0.0,0.003595,0.0,0.004357,True,0.009025,0.156915,0.003319,0.426662,2,10,0,13,527,0,outer_cluster_mean,12,2,False,0.5,0.5,0.001416,0.0,0.004357,candidate_minus_baseline,positive_favors_candidate,1.0,all_baseline_metric_comparisons,84,84,0
sa_ghmappo,reactive_lfu,end_to_end_workflow_delay,False,True,540,220,0,0,320,0.407407,AVAILABLE,220,hierarchical,9,9,220,0.0,0.0,0.0,bca,0.0,0.0,0.0,0.0,True,0.0,0.0,0.0,0.0,0,9,0,0,220,0,outer_cluster_mean,9,0,True,1.0,1.0,-0.0,-0.0,-0.0,candidate_minus_baseline,positive_favors_candidate,1.0,all_baseline_metric_comparisons,84,84,0
sa_ghmappo,reactive_aging_lfu,full_service_ready_byte_hit_rate,True,True,540,540,0,0,0,1.0,AVAILABLE,540,hierarchical,12,12,540,0.001416,0.0,0.004357,bca,0.0,0.003704,0.0,0.004357,True,0.009025,0.156915,0.003319,0.426662,2,10,0,13,527,0,outer_cluster_mean,12,2,False,0.5,0.5,0.001416,0.0,0.004357,candidate_minus_baseline,positive_favors_candidate,1.0,all_baseline_metric_comparisons,84,84,0
sa_ghmappo,reactive_aging_lfu,joint_base_adapter_hit_rate,True,True,540,540,0,0,0,1.0,AVAILABLE,540,hierarchical,12,12,540,0.002723,0.0,0.008606,bca,0.0,0.006972,0.0,0.008606,True,0.012372,0.220122,0.006511,0.418254,2,10,0,25,515,0,outer_cluster_mean,12,2,False,0.5,0.5,0.002723,0.0,0.008606,candidate_minus_baseline,positive_favors_candidate,1.0,all_baseline_metric_comparisons,84,84,0
sa_ghmappo,reactive_aging_lfu,full_service_ready_request_rate,True,True,540,540,0,0,0,1.0,AVAILABLE,540,hierarchical,12,12,540,0.001416,0.0,0.004575,bca,0.0,0.003704,0.0,0.004575,True,0.009025,0.156915,0.003319,0.426662,2,10,0,13,527,0,outer_cluster_mean,12,2,False,0.5,0.5,0.001416,0.0,0.004575,candidate_minus_baseline,positive_favors_candidate,1.0,all_baseline_metric_comparisons,84,84,0
sa_ghmappo,reactive_aging_lfu,transfer_mb_per_request,False,True,540,540,0,0,0,1.0,AVAILABLE,540,hierarchical,12,12,540,-2.440697,-4.69643,-1.332988,bca,-4.160189,-1.119397,-4.69643,-1.332988,True,6.945725,-0.351396,2.68121,-0.910297,0,3,9,0,440,100,outer_cluster_mean,12,9,False,0.00390625,0.003906,2.440697,1.332988,4.69643,candidate_minus_baseline,positive_favors_candidate,0.328125,all_baseline_metric_comparisons,84,84,0
sa_ghmappo,reactive_aging_lfu,workflow_continuity_rate,True,True,540,540,0,0,0,1.0,AVAILABLE,540,hierarchical,12,12,540,0.001416,0.0,0.004248,bca,0.0,0.003595,0.0,0.004248,True,0.009025,0.156915,0.003319,0.426662,2,10,0,13,527,0,outer_cluster_mean,12,2,False,0.5,0.5,0.001416,0.0,0.004248,candidate_minus_baseline,positive_favors_candidate,1.0,all_baseline_metric_comparisons,84,84,0
sa_ghmappo,reactive_aging_lfu,end_to_end_workflow_delay,False,True,540,220,0,0,320,0.407407,AVAILABLE,220,hierarchical,9,9,220,0.0,0.0,0.0,bca,0.0,0.0,0.0,0.0,True,0.0,0.0,0.0,0.0,0,9,0,0,220,0,outer_cluster_mean,9,0,True,1.0,1.0,-0.0,-0.0,-0.0,candidate_minus_baseline,positive_favors_candidate,1.0,all_baseline_metric_comparisons,84,84,0
sa_ghmappo,reactive_random,full_service_ready_byte_hit_rate,True,True,540,540,0,0,0,1.0,AVAILABLE,540,hierarchical,12,12,540,0.001416,0.0,0.004248,bca,0.0,0.003704,0.0,0.004248,True,0.009025,0.156915,0.003319,0.426662,2,10,0,13,527,0,outer_cluster_mean,12,2,False,0.5,0.5,0.001416,0.0,0.004248,candidate_minus_baseline,positive_favors_candidate,1.0,all_baseline_metric_comparisons,84,84,0
sa_ghmappo,reactive_random,joint_base_adapter_hit_rate,True,True,540,540,0,0,0,1.0,AVAILABLE,540,hierarchical,12,12,540,0.002723,0.0,0.008279,bca,0.0,0.006972,0.0,0.008279,True,0.012372,0.220122,0.006511,0.418254,2,10,0,25,515,0,outer_cluster_mean,12,2,False,0.5,0.5,0.002723,0.0,0.008279,candidate_minus_baseline,positive_favors_candidate,1.0,all_baseline_metric_comparisons,84,84,0
sa_ghmappo,reactive_random,full_service_ready_request_rate,True,True,540,540,0,0,0,1.0,AVAILABLE,540,hierarchical,12,12,540,0.001416,0.0,0.004357,bca,0.0,0.003595,0.0,0.004357,True,0.009025,0.156915,0.003319,0.426662,2,10,0,13,527,0,outer_cluster_mean,12,2,False,0.5,0.5,0.001416,0.0,0.004357,candidate_minus_baseline,positive_favors_candidate,1.0,all_baseline_metric_comparisons,84,84,0
sa_ghmappo,reactive_random,transfer_mb_per_request,False,True,540,540,0,0,0,1.0,AVAILABLE,540,hierarchical,12,12,540,-2.440697,-4.723678,-1.318505,bca,-4.160194,-1.114129,-4.723678,-1.318505,True,6.945725,-0.351396,2.68121,-0.910297,0,3,9,0,440,100,outer_cluster_mean,12,9,False,0.00390625,0.003906,2.440697,1.318505,4.723678,candidate_minus_baseline,positive_favors_candidate,0.328125,all_baseline_metric_comparisons,84,84,0
sa_ghmappo,reactive_random,workflow_continuity_rate,True,True,540,540,0,0,0,1.0,AVAILABLE,540,hierarchical,12,12,540,0.001416,0.0,0.004357,bca,0.0,0.003595,0.0,0.004357,True,0.009025,0.156915,0.003319,0.426662,2,10,0,13,527,0,outer_cluster_mean,12,2,False,0.5,0.5,0.001416,0.0,0.004357,candidate_minus_baseline,positive_favors_candidate,1.0,all_baseline_metric_comparisons,84,84,0
sa_ghmappo,reactive_random,end_to_end_workflow_delay,False,True,540,220,0,0,320,0.407407,AVAILABLE,220,hierarchical,9,9,220,0.0,0.0,0.0,bca,0.0,0.0,0.0,0.0,True,0.0,0.0,0.0,0.0,0,9,0,0,220,0,outer_cluster_mean,9,0,True,1.0,1.0,-0.0,-0.0,-0.0,candidate_minus_baseline,positive_favors_candidate,1.0,all_baseline_metric_comparisons,84,84,0
sa_ghmappo,ppo,full_service_ready_byte_hit_rate,True,True,540,540,0,0,0,1.0,AVAILABLE,540,hierarchical,12,12,540,0.000871,0.0,0.002832,bca,0.0,0.002288,0.0,0.002832,True,0.007113,0.122514,0.002035,0.428174,2,10,0,8,532,0,outer_cluster_mean,12,2,False,0.5,0.5,0.000871,0.0,0.002832,candidate_minus_baseline,positive_favors_candidate,1.0,all_baseline_metric_comparisons,84,84,0
sa_ghmappo,ppo,joint_base_adapter_hit_rate,True,True,540,540,0,0,0,1.0,AVAILABLE,540,hierarchical,12,12,540,0.0,0.0,0.0,bca,0.0,0.0,0.0,0.0,True,0.0,0.0,0.0,0.0,0,12,0,0,540,0,outer_cluster_mean,12,0,False,1.0,1.0,0.0,0.0,0.0,candidate_minus_baseline,positive_favors_candidate,1.0,all_baseline_metric_comparisons,84,84,0
sa_ghmappo,ppo,full_service_ready_request_rate,True,True,540,540,0,0,0,1.0,AVAILABLE,540,hierarchical,12,12,540,0.000871,0.0,0.002832,bca,0.0,0.002288,0.0,0.002832,True,0.007113,0.122514,0.002035,0.428174,2,10,0,8,532,0,outer_cluster_mean,12,2,False,0.5,0.5,0.000871,0.0,0.002832,candidate_minus_baseline,positive_favors_candidate,1.0,all_baseline_metric_comparisons,84,84,0
sa_ghmappo,ppo,transfer_mb_per_request,False,True,540,540,0,0,0,1.0,AVAILABLE,540,hierarchical,12,12,540,-0.661331,-2.535261,0.119905,bca,-1.940778,0.3136,-2.535261,0.119905,True,9.605569,-0.068849,1.529559,-0.432367,3,3,6,56,398,86,outer_cluster_mean,12,9,False,0.5078125,0.507812,0.661331,-0.119905,2.535261,candidate_minus_baseline,positive_favors_candidate,1.0,all_baseline_metric_comparisons,84,84,0
sa_ghmappo,ppo,workflow_continuity_rate,True,True,540,540,0,0,0,1.0,AVAILABLE,540,hierarchical,12,12,540,0.000871,0.0,0.002723,bca,0.0,0.002288,0.0,0.002723,True,0.007113,0.122514,0.002035,0.428174,2,10,0,8,532,0,outer_cluster_mean,12,2,False,0.5,0.5,0.000871,0.0,0.002723,candidate_minus_baseline,positive_favors_candidate,1.0,all_baseline_metric_comparisons,84,84,0
sa_ghmappo,ppo,end_to_end_workflow_delay,False,True,540,220,0,0,320,0.407407,AVAILABLE,220,hierarchical,9,9,220,0.0,0.0,0.0,bca,0.0,0.0,0.0,0.0,True,0.0,0.0,0.0,0.0,0,9,0,0,220,0,outer_cluster_mean,9,0,True,1.0,1.0,-0.0,-0.0,-0.0,candidate_minus_baseline,positive_favors_candidate,1.0,all_baseline_metric_comparisons,84,84,0
sa_ghmappo,mappo,full_service_ready_byte_hit_rate,True,True,540,540,0,0,0,1.0,AVAILABLE,540,hierarchical,12,12,540,0.001416,0.0,0.004357,bca,0.0,0.003595,0.0,0.004357,True,0.009025,0.156915,0.003319,0.426662,2,10,0,13,527,0,outer_cluster_mean,12,2,False,0.5,0.5,0.001416,0.0,0.004357,candidate_minus_baseline,positive_favors_candidate,1.0,all_baseline_metric_comparisons,84,84,0
sa_ghmappo,mappo,joint_base_adapter_hit_rate,True,True,540,540,0,0,0,1.0,AVAILABLE,540,hierarchical,12,12,540,0.0,0.0,0.0,bca,0.0,0.0,0.0,0.0,True,0.0,0.0,0.0,0.0,0,12,0,0,540,0,outer_cluster_mean,12,0,False,1.0,1.0,0.0,0.0,0.0,candidate_minus_baseline,positive_favors_candidate,1.0,all_baseline_metric_comparisons,84,84,0
sa_ghmappo,mappo,full_service_ready_request_rate,True,True,540,540,0,0,0,1.0,AVAILABLE,540,hierarchical,12,12,540,0.001416,0.0,0.004357,bca,0.0,0.003704,0.0,0.004357,True,0.009025,0.156915,0.003319,0.426662,2,10,0,13,527,0,outer_cluster_mean,12,2,False,0.5,0.5,0.001416,0.0,0.004357,candidate_minus_baseline,positive_favors_candidate,1.0,all_baseline_metric_comparisons,84,84,0
sa_ghmappo,mappo,transfer_mb_per_request,False,True,540,540,0,0,0,1.0,AVAILABLE,540,hierarchical,12,12,540,-2.440697,-4.820272,-1.354053,bca,-4.204186,-1.115594,-4.820272,-1.354053,True,6.945725,-0.351396,2.68121,-0.910297,0,3,9,0,440,100,outer_cluster_mean,12,9,False,0.00390625,0.003906,2.440697,1.354053,4.820272,candidate_minus_baseline,positive_favors_candidate,0.328125,all_baseline_metric_comparisons,84,84,0
sa_ghmappo,mappo,workflow_continuity_rate,True,True,540,540,0,0,0,1.0,AVAILABLE,540,hierarchical,12,12,540,0.001416,0.0,0.004264,bca,0.0,0.003595,0.0,0.004264,True,0.009025,0.156915,0.003319,0.426662,2,10,0,13,527,0,outer_cluster_mean,12,2,False,0.5,0.5,0.001416,0.0,0.004264,candidate_minus_baseline,positive_favors_candidate,1.0,all_baseline_metric_comparisons,84,84,0
sa_ghmappo,mappo,end_to_end_workflow_delay,False,True,540,220,0,0,320,0.407407,AVAILABLE,220,hierarchical,9,9,220,0.0,0.0,0.0,bca,0.0,0.0,0.0,0.0,True,0.0,0.0,0.0,0.0,0,9,0,0,220,0,outer_cluster_mean,9,0,True,1.0,1.0,-0.0,-0.0,-0.0,candidate_minus_baseline,positive_favors_candidate,1.0,all_baseline_metric_comparisons,84,84,0
sa_ghmappo,dqn,full_service_ready_byte_hit_rate,True,True,540,540,0,0,0,1.0,AVAILABLE,540,hierarchical,12,12,540,0.001307,0.0,0.004139,bca,0.0,0.003377,0.0,0.004139,True,0.00939,0.139218,0.003053,0.428174,2,10,0,13,526,1,outer_cluster_mean,12,2,False,0.5,0.5,0.001307,0.0,0.004139,candidate_minus_baseline,positive_favors_candidate,1.0,all_baseline_metric_comparisons,84,84,0
sa_ghmappo,dqn,joint_base_adapter_hit_rate,True,True,540,540,0,0,0,1.0,AVAILABLE,540,hierarchical,12,12,540,0.0,0.0,0.0,bca,0.0,0.0,0.0,0.0,True,0.0,0.0,0.0,0.0,0,12,0,0,540,0,outer_cluster_mean,12,0,False,1.0,1.0,0.0,0.0,0.0,candidate_minus_baseline,positive_favors_candidate,1.0,all_baseline_metric_comparisons,84,84,0
sa_ghmappo,dqn,full_service_ready_request_rate,True,True,540,540,0,0,0,1.0,AVAILABLE,540,hierarchical,12,12,540,0.001307,0.0,0.004139,bca,0.0,0.003377,0.0,0.004139,True,0.00939,0.139218,0.003053,0.428174,2,10,0,13,526,1,outer_cluster_mean,12,2,False,0.5,0.5,0.001307,0.0,0.004139,candidate_minus_baseline,positive_favors_candidate,1.0,all_baseline_metric_comparisons,84,84,0
sa_ghmappo,dqn,transfer_mb_per_request,False,True,540,540,0,0,0,1.0,AVAILABLE,540,hierarchical,12,12,540,-2.093653,-4.733905,-1.018812,bca,-3.85338,-0.752404,-4.733905,-1.018812,True,7.439853,-0.281411,2.7084,-0.773022,0,3,9,15,425,100,outer_cluster_mean,12,9,False,0.00390625,0.003906,2.093653,1.018812,4.733905,candidate_minus_baseline,positive_favors_candidate,0.328125,all_baseline_metric_comparisons,84,84,0
sa_ghmappo,dqn,workflow_continuity_rate,True,True,540,540,0,0,0,1.0,AVAILABLE,540,hierarchical,12,12,540,0.001307,0.0,0.004139,bca,0.0,0.003377,0.0,0.004139,True,0.00939,0.139218,0.003053,0.428174,2,10,0,13,526,1,outer_cluster_mean,12,2,False,0.5,0.5,0.001307,0.0,0.004139,candidate_minus_baseline,positive_favors_candidate,1.0,all_baseline_metric_comparisons,84,84,0
sa_ghmappo,dqn,end_to_end_workflow_delay,False,True,540,220,0,0,320,0.407407,AVAILABLE,220,hierarchical,9,9,220,0.0,0.0,0.0,bca,0.0,0.0,0.0,0.0,True,0.0,0.0,0.0,0.0,0,9,0,0,220,0,outer_cluster_mean,9,0,True,1.0,1.0,-0.0,-0.0,-0.0,candidate_minus_baseline,positive_favors_candidate,1.0,all_baseline_metric_comparisons,84,84,0
sa_ghmappo,dueling_dqn,full_service_ready_byte_hit_rate,True,True,540,540,0,0,0,1.0,AVAILABLE,540,hierarchical,12,12,540,0.001089,0.0,0.003813,bca,0.0,0.00305,0.0,0.003813,True,0.010076,0.108111,0.002604,0.418254,2,10,0,13,524,3,outer_cluster_mean,12,2,False,0.5,0.5,0.001089,0.0,0.003813,candidate_minus_baseline,positive_favors_candidate,1.0,all_baseline_metric_comparisons,84,84,0
sa_ghmappo,dueling_dqn,joint_base_adapter_hit_rate,True,True,540,540,0,0,0,1.0,AVAILABLE,540,hierarchical,12,12,540,0.0,0.0,0.0,bca,0.0,0.0,0.0,0.0,True,0.0,0.0,0.0,0.0,0,12,0,0,540,0,outer_cluster_mean,12,0,False,1.0,1.0,0.0,0.0,0.0,candidate_minus_baseline,positive_favors_candidate,1.0,all_baseline_metric_comparisons,84,84,0
sa_ghmappo,dueling_dqn,full_service_ready_request_rate,True,True,540,540,0,0,0,1.0,AVAILABLE,540,hierarchical,12,12,540,0.001089,0.0,0.003922,bca,0.0,0.002941,0.0,0.003922,True,0.010076,0.108111,0.002604,0.418254,2,10,0,13,524,3,outer_cluster_mean,12,2,False,0.5,0.5,0.001089,0.0,0.003922,candidate_minus_baseline,positive_favors_candidate,1.0,all_baseline_metric_comparisons,84,84,0
sa_ghmappo,dueling_dqn,transfer_mb_per_request,False,True,540,540,0,0,0,1.0,AVAILABLE,540,hierarchical,12,12,540,-1.113183,-4.178352,0.101554,bca,-3.189245,0.368799,-4.178352,0.101554,True,8.592028,-0.12956,3.037225,-0.366513,5,3,4,58,382,100,outer_cluster_mean,12,9,False,1.0,1.0,1.113183,-0.101554,4.178352,candidate_minus_baseline,positive_favors_candidate,1.0,all_baseline_metric_comparisons,84,84,0
sa_ghmappo,dueling_dqn,workflow_continuity_rate,True,True,540,540,0,0,0,1.0,AVAILABLE,540,hierarchical,12,12,540,0.001089,0.0,0.003813,bca,0.0,0.002941,0.0,0.003813,True,0.010076,0.108111,0.002604,0.418254,2,10,0,13,524,3,outer_cluster_mean,12,2,False,0.5,0.5,0.001089,0.0,0.003813,candidate_minus_baseline,positive_favors_candidate,1.0,all_baseline_metric_comparisons,84,84,0
sa_ghmappo,dueling_dqn,end_to_end_workflow_delay,False,True,540,220,0,0,320,0.407407,AVAILABLE,220,hierarchical,9,9,220,0.0,0.0,0.0,bca,0.0,0.0,0.0,0.0,True,0.0,0.0,0.0,0.0,0,9,0,0,220,0,outer_cluster_mean,9,0,True,1.0,1.0,-0.0,-0.0,-0.0,candidate_minus_baseline,positive_favors_candidate,1.0,all_baseline_metric_comparisons,84,84,0
sa_ghmappo,qmix,full_service_ready_byte_hit_rate,True,True,540,540,0,0,0,1.0,AVAILABLE,540,hierarchical,12,12,540,0.001307,0.0,0.004248,bca,0.0,0.003377,0.0,0.004248,True,0.00939,0.139218,0.003053,0.428174,2,10,0,13,526,1,outer_cluster_mean,12,2,False,0.5,0.5,0.001307,0.0,0.004248,candidate_minus_baseline,positive_favors_candidate,1.0,all_baseline_metric_comparisons,84,84,0
sa_ghmappo,qmix,joint_base_adapter_hit_rate,True,True,540,540,0,0,0,1.0,AVAILABLE,540,hierarchical,12,12,540,0.0,0.0,0.0,bca,0.0,0.0,0.0,0.0,True,0.0,0.0,0.0,0.0,0,12,0,0,540,0,outer_cluster_mean,12,0,False,1.0,1.0,0.0,0.0,0.0,candidate_minus_baseline,positive_favors_candidate,1.0,all_baseline_metric_comparisons,84,84,0
sa_ghmappo,qmix,full_service_ready_request_rate,True,True,540,540,0,0,0,1.0,AVAILABLE,540,hierarchical,12,12,540,0.001307,0.0,0.004248,bca,0.0,0.003377,0.0,0.004248,True,0.00939,0.139218,0.003053,0.428174,2,10,0,13,526,1,outer_cluster_mean,12,2,False,0.5,0.5,0.001307,0.0,0.004248,candidate_minus_baseline,positive_favors_candidate,1.0,all_baseline_metric_comparisons,84,84,0
sa_ghmappo,qmix,transfer_mb_per_request,False,True,540,540,0,0,0,1.0,AVAILABLE,540,hierarchical,12,12,540,-1.980605,-4.431265,-0.908836,bca,-3.720598,-0.705293,-4.431265,-0.908836,True,7.608834,-0.260303,2.5636,-0.772588,0,3,9,20,420,100,outer_cluster_mean,12,9,False,0.00390625,0.003906,1.980605,0.908836,4.431265,candidate_minus_baseline,positive_favors_candidate,0.328125,all_baseline_metric_comparisons,84,84,0
sa_ghmappo,qmix,workflow_continuity_rate,True,True,540,540,0,0,0,1.0,AVAILABLE,540,hierarchical,12,12,540,0.001307,0.0,0.004139,bca,0.0,0.003486,0.0,0.004139,True,0.00939,0.139218,0.003053,0.428174,2,10,0,13,526,1,outer_cluster_mean,12,2,False,0.5,0.5,0.001307,0.0,0.004139,candidate_minus_baseline,positive_favors_candidate,1.0,all_baseline_metric_comparisons,84,84,0
sa_ghmappo,qmix,end_to_end_workflow_delay,False,True,540,220,0,0,320,0.407407,AVAILABLE,220,hierarchical,9,9,220,0.0,0.0,0.0,bca,0.0,0.0,0.0,0.0,True,0.0,0.0,0.0,0.0,0,9,0,0,220,0,outer_cluster_mean,9,0,True,1.0,1.0,-0.0,-0.0,-0.0,candidate_minus_baseline,positive_favors_candidate,1.0,all_baseline_metric_comparisons,84,84,0
sa_ghmappo,controller_mat,full_service_ready_byte_hit_rate,True,True,540,540,0,0,0,1.0,AVAILABLE,540,hierarchical,12,12,540,0.001416,0.0,0.004357,bca,0.0,0.003595,0.0,0.004357,True,0.009025,0.156915,0.003319,0.426662,2,10,0,13,527,0,outer_cluster_mean,12,2,False,0.5,0.5,0.001416,0.0,0.004357,candidate_minus_baseline,positive_favors_candidate,1.0,all_baseline_metric_comparisons,84,84,0
sa_ghmappo,controller_mat,joint_base_adapter_hit_rate,True,True,540,540,0,0,0,1.0,AVAILABLE,540,hierarchical,12,12,540,0.0,0.0,0.0,bca,0.0,0.0,0.0,0.0,True,0.0,0.0,0.0,0.0,0,12,0,0,540,0,outer_cluster_mean,12,0,False,1.0,1.0,0.0,0.0,0.0,candidate_minus_baseline,positive_favors_candidate,1.0,all_baseline_metric_comparisons,84,84,0
sa_ghmappo,controller_mat,full_service_ready_request_rate,True,True,540,540,0,0,0,1.0,AVAILABLE,540,hierarchical,12,12,540,0.001416,0.0,0.004357,bca,0.0,0.003595,0.0,0.004357,True,0.009025,0.156915,0.003319,0.426662,2,10,0,13,527,0,outer_cluster_mean,12,2,False,0.5,0.5,0.001416,0.0,0.004357,candidate_minus_baseline,positive_favors_candidate,1.0,all_baseline_metric_comparisons,84,84,0
sa_ghmappo,controller_mat,transfer_mb_per_request,False,True,540,540,0,0,0,1.0,AVAILABLE,540,hierarchical,12,12,540,-2.440697,-4.803166,-1.332377,bca,-4.220136,-1.102766,-4.803166,-1.332377,True,6.945725,-0.351396,2.68121,-0.910297,0,3,9,0,440,100,outer_cluster_mean,12,9,False,0.00390625,0.003906,2.440697,1.332377,4.803166,candidate_minus_baseline,positive_favors_candidate,0.328125,all_baseline_metric_comparisons,84,84,0
sa_ghmappo,controller_mat,workflow_continuity_rate,True,True,540,540,0,0,0,1.0,AVAILABLE,540,hierarchical,12,12,540,0.001416,0.0,0.004357,bca,0.0,0.003595,0.0,0.004357,True,0.009025,0.156915,0.003319,0.426662,2,10,0,13,527,0,outer_cluster_mean,12,2,False,0.5,0.5,0.001416,0.0,0.004357,candidate_minus_baseline,positive_favors_candidate,1.0,all_baseline_metric_comparisons,84,84,0
sa_ghmappo,controller_mat,end_to_end_workflow_delay,False,True,540,220,0,0,320,0.407407,AVAILABLE,220,hierarchical,9,9,220,0.0,0.0,0.0,bca,0.0,0.0,0.0,0.0,True,0.0,0.0,0.0,0.0,0,9,0,0,220,0,outer_cluster_mean,9,0,True,1.0,1.0,-0.0,-0.0,-0.0,candidate_minus_baseline,positive_favors_candidate,1.0,all_baseline_metric_comparisons,84,84,0
sa_ghmappo,dag_offload_drl,full_service_ready_byte_hit_rate,True,True,540,540,0,0,0,1.0,AVAILABLE,540,hierarchical,12,12,540,0.001416,0.0,0.004248,bca,0.0,0.003595,0.0,0.004248,True,0.009025,0.156915,0.003319,0.426662,2,10,0,13,527,0,outer_cluster_mean,12,2,False,0.5,0.5,0.001416,0.0,0.004248,candidate_minus_baseline,positive_favors_candidate,1.0,all_baseline_metric_comparisons,84,84,0
sa_ghmappo,dag_offload_drl,joint_base_adapter_hit_rate,True,True,540,540,0,0,0,1.0,AVAILABLE,540,hierarchical,12,12,540,0.0,0.0,0.0,bca,0.0,0.0,0.0,0.0,True,0.0,0.0,0.0,0.0,0,12,0,0,540,0,outer_cluster_mean,12,0,False,1.0,1.0,0.0,0.0,0.0,candidate_minus_baseline,positive_favors_candidate,1.0,all_baseline_metric_comparisons,84,84,0
sa_ghmappo,dag_offload_drl,full_service_ready_request_rate,True,True,540,540,0,0,0,1.0,AVAILABLE,540,hierarchical,12,12,540,0.001416,0.0,0.004248,bca,0.0,0.003595,0.0,0.004248,True,0.009025,0.156915,0.003319,0.426662,2,10,0,13,527,0,outer_cluster_mean,12,2,False,0.5,0.5,0.001416,0.0,0.004248,candidate_minus_baseline,positive_favors_candidate,1.0,all_baseline_metric_comparisons,84,84,0
sa_ghmappo,dag_offload_drl,transfer_mb_per_request,False,True,540,540,0,0,0,1.0,AVAILABLE,540,hierarchical,12,12,540,-2.440697,-4.783334,-1.341392,bca,-4.157313,-1.113158,-4.783334,-1.341392,True,6.945725,-0.351396,2.68121,-0.910297,0,3,9,0,440,100,outer_cluster_mean,12,9,False,0.00390625,0.003906,2.440697,1.341392,4.783334,candidate_minus_baseline,positive_favors_candidate,0.328125,all_baseline_metric_comparisons,84,84,0
sa_ghmappo,dag_offload_drl,workflow_continuity_rate,True,True,540,540,0,0,0,1.0,AVAILABLE,540,hierarchical,12,12,540,0.001416,0.0,0.004357,bca,0.0,0.003704,0.0,0.004357,True,0.009025,0.156915,0.003319,0.426662,2,10,0,13,527,0,outer_cluster_mean,12,2,False,0.5,0.5,0.001416,0.0,0.004357,candidate_minus_baseline,positive_favors_candidate,1.0,all_baseline_metric_comparisons,84,84,0
sa_ghmappo,dag_offload_drl,end_to_end_workflow_delay,False,True,540,220,0,0,320,0.407407,AVAILABLE,220,hierarchical,9,9,220,0.0,0.0,0.0,bca,0.0,0.0,0.0,0.0,True,0.0,0.0,0.0,0.0,0,9,0,0,220,0,outer_cluster_mean,9,0,True,1.0,1.0,-0.0,-0.0,-0.0,candidate_minus_baseline,positive_favors_candidate,1.0,all_baseline_metric_comparisons,84,84,0
sa_ghmappo,cache_offload_drl,full_service_ready_byte_hit_rate,True,True,540,540,0,0,0,1.0,AVAILABLE,540,hierarchical,12,12,540,0.001307,0.0,0.004248,bca,0.0,0.003377,0.0,0.004248,True,0.00939,0.139218,0.003053,0.428174,2,10,0,13,526,1,outer_cluster_mean,12,2,False,0.5,0.5,0.001307,0.0,0.004248,candidate_minus_baseline,positive_favors_candidate,1.0,all_baseline_metric_comparisons,84,84,0
sa_ghmappo,cache_offload_drl,joint_base_adapter_hit_rate,True,True,540,540,0,0,0,1.0,AVAILABLE,540,hierarchical,12,12,540,0.0,0.0,0.0,bca,0.0,0.0,0.0,0.0,True,0.0,0.0,0.0,0.0,0,12,0,0,540,0,outer_cluster_mean,12,0,False,1.0,1.0,0.0,0.0,0.0,candidate_minus_baseline,positive_favors_candidate,1.0,all_baseline_metric_comparisons,84,84,0
sa_ghmappo,cache_offload_drl,full_service_ready_request_rate,True,True,540,540,0,0,0,1.0,AVAILABLE,540,hierarchical,12,12,540,0.001307,0.0,0.004248,bca,0.0,0.003486,0.0,0.004248,True,0.00939,0.139218,0.003053,0.428174,2,10,0,13,526,1,outer_cluster_mean,12,2,False,0.5,0.5,0.001307,0.0,0.004248,candidate_minus_baseline,positive_favors_candidate,1.0,all_baseline_metric_comparisons,84,84,0
sa_ghmappo,cache_offload_drl,transfer_mb_per_request,False,True,540,540,0,0,0,1.0,AVAILABLE,540,hierarchical,12,12,540,-2.404532,-4.706867,-1.299799,bca,-4.179017,-1.089418,-4.706867,-1.299799,True,6.958787,-0.345539,2.669582,-0.900715,0,3,9,3,437,100,outer_cluster_mean,12,9,False,0.00390625,0.003906,2.404532,1.299799,4.706867,candidate_minus_baseline,positive_favors_candidate,0.328125,all_baseline_metric_comparisons,84,84,0
sa_ghmappo,cache_offload_drl,workflow_continuity_rate,True,True,540,540,0,0,0,1.0,AVAILABLE,540,hierarchical,12,12,540,0.001307,0.0,0.004139,bca,0.0,0.003377,0.0,0.004139,True,0.00939,0.139218,0.003053,0.428174,2,10,0,13,526,1,outer_cluster_mean,12,2,False,0.5,0.5,0.001307,0.0,0.004139,candidate_minus_baseline,positive_favors_candidate,1.0,all_baseline_metric_comparisons,84,84,0
sa_ghmappo,cache_offload_drl,end_to_end_workflow_delay,False,True,540,220,0,0,320,0.407407,AVAILABLE,220,hierarchical,9,9,220,0.0,0.0,0.0,bca,0.0,0.0,0.0,0.0,True,0.0,0.0,0.0,0.0,0,9,0,0,220,0,outer_cluster_mean,9,0,True,1.0,1.0,-0.0,-0.0,-0.0,candidate_minus_baseline,positive_favors_candidate,1.0,all_baseline_metric_comparisons,84,84,0
sa_ghmappo,dt_handoff_drl,full_service_ready_byte_hit_rate,True,True,540,540,0,0,0,1.0,AVAILABLE,540,hierarchical,12,12,540,0.001307,0.0,0.004139,bca,0.0,0.003377,0.0,0.004139,True,0.00939,0.139218,0.003053,0.428174,2,10,0,13,526,1,outer_cluster_mean,12,2,False,0.5,0.5,0.001307,0.0,0.004139,candidate_minus_baseline,positive_favors_candidate,1.0,all_baseline_metric_comparisons,84,84,0
sa_ghmappo,dt_handoff_drl,joint_base_adapter_hit_rate,True,True,540,540,0,0,0,1.0,AVAILABLE,540,hierarchical,12,12,540,0.0,0.0,0.0,bca,0.0,0.0,0.0,0.0,True,0.0,0.0,0.0,0.0,0,12,0,0,540,0,outer_cluster_mean,12,0,False,1.0,1.0,0.0,0.0,0.0,candidate_minus_baseline,positive_favors_candidate,1.0,all_baseline_metric_comparisons,84,84,0
sa_ghmappo,dt_handoff_drl,full_service_ready_request_rate,True,True,540,540,0,0,0,1.0,AVAILABLE,540,hierarchical,12,12,540,0.001307,0.0,0.004248,bca,0.0,0.003486,0.0,0.004248,True,0.00939,0.139218,0.003053,0.428174,2,10,0,13,526,1,outer_cluster_mean,12,2,False,0.5,0.5,0.001307,0.0,0.004248,candidate_minus_baseline,positive_favors_candidate,1.0,all_baseline_metric_comparisons,84,84,0
sa_ghmappo,dt_handoff_drl,transfer_mb_per_request,False,True,540,540,0,0,0,1.0,AVAILABLE,540,hierarchical,12,12,540,-2.36672,-4.507546,-1.277196,bca,-4.059943,-1.102299,-4.507546,-1.277196,True,7.010146,-0.337614,2.536229,-0.933165,0,3,9,7,433,100,outer_cluster_mean,12,9,False,0.00390625,0.003906,2.36672,1.277196,4.507546,candidate_minus_baseline,positive_favors_candidate,0.328125,all_baseline_metric_comparisons,84,84,0
sa_ghmappo,dt_handoff_drl,workflow_continuity_rate,True,True,540,540,0,0,0,1.0,AVAILABLE,540,hierarchical,12,12,540,0.001307,0.0,0.004139,bca,0.0,0.003486,0.0,0.004139,True,0.00939,0.139218,0.003053,0.428174,2,10,0,13,526,1,outer_cluster_mean,12,2,False,0.5,0.5,0.001307,0.0,0.004139,candidate_minus_baseline,positive_favors_candidate,1.0,all_baseline_metric_comparisons,84,84,0
sa_ghmappo,dt_handoff_drl,end_to_end_workflow_delay,False,True,540,220,0,0,320,0.407407,AVAILABLE,220,hierarchical,9,9,220,0.0,0.0,0.0,bca,0.0,0.0,0.0,0.0,True,0.0,0.0,0.0,0.0,0,9,0,0,220,0,outer_cluster_mean,9,0,True,1.0,1.0,-0.0,-0.0,-0.0,candidate_minus_baseline,positive_favors_candidate,1.0,all_baseline_metric_comparisons,84,84,0
