arm,method,seed,selected_update,environment_steps,updates,optimizer_steps,episodes_started,episodes_completed_or_truncated,active_partial_episode_at_budget,value_normalization_enabled,selected_checkpoint_sha256
control_raw_critic_target,sa_ghmappo,7,6,1440,24,192,201,200,True,False,6e9ecb2972422547a51d9eaf0b9306ffc7930ab6481bf7d316946cd7797a68e6
control_raw_critic_target,sa_ghmappo,17,18,1440,24,192,202,201,True,False,5707eb14abb820982a08b8718bc439b83c015554838c2fc3d979e9468402ebc3
control_raw_critic_target,sa_ghmappo,29,12,1440,24,192,186,185,True,False,bbff24ff919abd24c606529f4ffa5473c39761b7ea02cf996fa82fc65ae60dea
control_raw_critic_target,sa_ghmappo,43,12,1440,24,192,187,186,True,False,cde750650100e3c9bb778e857f6cf1f3827ef149f26abff1ea4f31be3cbe8ed8
control_raw_critic_target,sa_ghmappo,61,18,1440,24,192,188,187,True,False,1ae3d87acf1f27ebc20465b4a5c34d9a6d14050da1a3ec0c25fda108ec55aed8
control_raw_critic_target,mappo,7,6,1440,24,192,209,208,True,False,bd165c875f28b196cee8f39dba7ffdb26980d49b8161518d69794794295e880e
control_raw_critic_target,mappo,17,6,1440,24,192,206,206,False,False,31f4d472c377f77c106c5d0358880f501509c8e3b8c5c4bdcf645a3d410e52cb
control_raw_critic_target,mappo,29,12,1440,24,192,196,195,True,False,4703b173652c85d78a7837fb3edad12f62cb7d4fec25ca3bbe1ae4091f5ffcc7
control_raw_critic_target,mappo,43,6,1440,24,192,187,186,True,False,e215a3945f30b5bc5cb37c3819200f33f3ad9215119d7ba7781416d6ddbc7318
control_raw_critic_target,mappo,61,6,1440,24,192,209,208,True,False,884df48ade5b0a6a39e0db63a6a5f67b854aa7b65b46115396bb632ce16c67db
control_raw_critic_target,ppo,7,6,1440,24,192,207,206,True,False,39a70551ea09ca7dca404b587f5b53688e7bf047fba6c4ec5bc470e92f8e6313
control_raw_critic_target,ppo,17,12,1440,24,192,208,207,True,False,e4e9ad02ab4b44b6bc19da78b5498a6c4a89a55a50c16aae971de3e605c03a64
control_raw_critic_target,ppo,29,6,1440,24,192,217,216,True,False,48e0d13a969713fca1b9ac5b61146e8028e9cc6a1cfd89a8649442ead3d03405
control_raw_critic_target,ppo,43,18,1440,24,192,221,220,True,False,0323e3ea3ee68138a6b91cc16470f78aaea6d2aba1714d2d2126be57dabe1987
control_raw_critic_target,ppo,61,6,1440,24,192,207,206,True,False,9d19368748ab738ca21d49f63cf0f7ca9492179e5a988ce2d158b4d4bacb4f86
candidate_popart_critic_target,sa_ghmappo,7,24,1440,24,192,197,196,True,True,bd290f44db7b574109a6b7be2cb283438703f39a6df116ae1edd57e5c15a1dab
candidate_popart_critic_target,sa_ghmappo,17,24,1440,24,192,188,187,True,True,faf46dec3b2873268f33784bfc902b3519247a7895518bb0a055f407677dee68
candidate_popart_critic_target,sa_ghmappo,29,18,1440,24,192,196,195,True,True,135ee12190f4836a4581a956739b14054044b48110cba9107b5aa192193bdc19
candidate_popart_critic_target,sa_ghmappo,43,18,1440,24,192,182,182,False,True,36331cc6697ebe9c0e4aa2436963e4c45996447d1ff72d4e41733b38ce2a76cd
candidate_popart_critic_target,sa_ghmappo,61,18,1440,24,192,195,194,True,True,796d5202f127248d84ec3ed5e36cd60e898cacf5f17441d3e282487d50076627
candidate_popart_critic_target,mappo,7,6,1440,24,192,204,203,True,True,1d07a4591251751aecd787a80b4a0a436692f2d59aa09eefd872445c7c4c64a2
candidate_popart_critic_target,mappo,17,6,1440,24,192,214,213,True,True,78a49835d2b8b434cf33b9381f246db76953916950daf2c1a08f164350b8f451
candidate_popart_critic_target,mappo,29,6,1440,24,192,206,205,True,True,f58133075fd061559af5ad06c95d47b0b321112d680cf4ccb96d7fd0ee8fa075
candidate_popart_critic_target,mappo,43,6,1440,24,192,183,182,True,True,133a0baeda3fe51859d75f9033b0df5573e22abd1fc3899896ed1eae2791f176
candidate_popart_critic_target,mappo,61,12,1440,24,192,212,211,True,True,c9cf65ccdd07af54272e9dce008564f4d4b9d9ab60555c3bd633c7384114ce94
candidate_popart_critic_target,ppo,7,6,1440,24,192,214,213,True,True,8aebbffdc1b7c959fc8ab22bb2a56be4cf13e0f8f0035086c7c4aa8a7166eb35
candidate_popart_critic_target,ppo,17,6,1440,24,192,219,219,False,True,3b2806d022051d47a0c2f81226f04025b6b9065e2463d2b3fcf978e31978ca1d
candidate_popart_critic_target,ppo,29,6,1440,24,192,222,221,True,True,adf7964f14d797056167178987845a3badcb47e4d30ce2308f42d17e2b77acc6
candidate_popart_critic_target,ppo,43,6,1440,24,192,221,220,True,True,36209b0556c28c592b0767265e3f7589c63813212ba66e9ddea143cbe80d14d9
candidate_popart_critic_target,ppo,61,12,1440,24,192,209,208,True,True,d2c3723b8743613b16c68d59766088e0f48c5d4f2ca4a6699c2042114c73a895
