method,seed,control_final_rmse_raw,candidate_final_rmse_raw,delta_final_rmse_raw,control_final_explained_variance,candidate_final_explained_variance,delta_final_explained_variance,control_final_value_to_policy_grad_ratio,candidate_final_value_to_policy_grad_ratio,delta_final_value_to_policy_grad_ratio,control_mean24_rmse_raw,candidate_mean24_rmse_raw,delta_mean24_rmse_raw,control_mean24_explained_variance,candidate_mean24_explained_variance,delta_mean24_explained_variance,control_mean24_value_to_policy_grad_ratio,candidate_mean24_value_to_policy_grad_ratio,delta_mean24_value_to_policy_grad_ratio,control_final_global_clip_scale,candidate_final_global_clip_scale,delta_final_global_clip_scale,control_final_global_clip_fraction,candidate_final_global_clip_fraction,delta_final_global_clip_fraction,control_final_pre_clip_total_grad_norm,candidate_final_pre_clip_total_grad_norm,delta_final_pre_clip_total_grad_norm,control_final_actual_kl,candidate_final_actual_kl,delta_final_actual_kl,control_final_policy_clip_fraction,candidate_final_policy_clip_fraction,delta_final_policy_clip_fraction,control_final_entropy,candidate_final_entropy,delta_final_entropy
sa_ghmappo,7,48.24881,15.542471,-32.706339,2e-06,-0.000895,-0.000897,421.2496082191792,1.619250750367386,-419.63035746881184,63.92836825,37.29260958333333,-26.635758666666668,5.7083333333333336e-05,0.00014133333333333334,8.425000000000001e-05,726.1063531139737,13.892304328215713,-712.214048785758,0.002223472648563072,0.440253157208108,0.4380296845595449,1.0,1.0,0.0,240.58493995666504,1.1726324632763863,-239.41230749338865,-0.00017363712686346844,-0.000697032104653772,-0.0005233949777903035,0.046875,0.10602678824216127,0.059151788242161274,1.2198063880205154,0.8894518464803696,-0.3303545415401459
sa_ghmappo,17,66.409019,12.62911,-53.779909,2e-06,0.358725,0.358723,722.0110018093915,1.7636104752287916,-720.2473913341627,63.67597133333333,33.11242383333333,-30.5635475,6.3625e-05,0.041906458333333334,0.041842833333333336,707.7503226551378,10.568843867499801,-697.181478787638,0.0010011152274457902,0.2758848316959335,0.2748837164684877,1.0,1.0,0.0,502.065975189209,1.938909262418747,-500.12706592679024,-0.0065690522897057235,0.013934624003013596,0.02050367629271932,0.0,0.1138392873108387,0.1138392873108387,1.285982459783554,0.8369040787220001,-0.44907838106155396
sa_ghmappo,29,64.774826,13.505635,-51.269191000000006,3e-06,0.000947,0.0009440000000000001,959.3751926745376,1.698592636069674,-957.676600038468,61.821353375,38.555837375,-23.265515999999998,4.041666666666666e-06,9.045833333333334e-05,8.641666666666668e-05,727.1331257988994,17.61629544346776,-709.5168303554317,0.0010339543473753335,0.4880804087117237,0.48704645436434835,1.0,1.0,0.0,484.27022552490234,1.1422660872340202,-483.1279594376683,0.0026470970678929007,0.020345007011201233,0.017697909943308332,0.0,0.2232142873108387,0.2232142873108387,1.2191506326198578,1.0036203488707542,-0.21553028374910355
sa_ghmappo,43,51.546471,11.056594,-40.48987699999999,1e-06,0.000185,0.000184,453.1254916255009,1.5985457185770362,-451.52694590692386,61.919433041666665,33.685380375,-28.234052666666663,1.5708333333333333e-05,0.0005435833333333333,0.000527875,758.0068402369394,11.533252091955779,-746.4735881449836,0.0017983933977478161,0.7220350855227823,0.7202366921250345,1.0,0.625,-0.375,282.34540939331055,0.775004930794239,-281.5704044625163,0.005808281770441681,0.002623706095619127,-0.003184575674822554,0.013392857275903225,0.14676339365541935,0.13337053637951612,1.306584358215332,1.1725658178329468,-0.13401854038238525
sa_ghmappo,61,55.652977,13.493449,-42.159528,1e-06,0.006346,0.006345,581.2967677642159,2.0161599483351895,-579.2806078158808,62.46463858333333,34.009769416666664,-28.45486916666667,3.65e-05,0.00113775,0.00110125,783.0396706296914,13.647830306420676,-769.3918403232707,0.0013639618264323194,0.5259597730577124,0.5245958112312801,1.0,1.0,0.0,368.499568939209,1.0627084970474243,-367.43686044216156,0.012574263877468184,0.008977015020718682,-0.003597248856749502,0.0613839291036129,0.06640625,0.0050223208963871,1.3145606964826584,1.2343057692050934,-0.080254927277565
mappo,7,69.345108,10.231363,-59.113744999999994,0.000383,0.002668,0.0022849999999999997,2690.002376648208,5.1109391789679846,-2684.8914374692404,66.80866570833334,38.14124845833334,-28.66741725,0.0013101249999999999,0.009423458333333332,0.008113333333333332,1048.958404785851,15.10937275804777,-1033.849032027803,0.000949157306247901,0.4055815400940137,0.4046323827877658,1.0,1.0,0.0,527.8439521789551,1.4728708788752556,-526.3710813000798,0.002389547901032074,0.0003418232487319983,-0.002047724652300076,0.0,0.0,0.0,0.7146554589271545,0.8128352612257004,0.09817980229854584
mappo,17,67.373802,13.264297,-54.109505,0.000226,0.006729,0.006503,931.128874192135,1.8206341019609615,-929.308240090174,66.42922166666666,35.71979879166667,-30.709422874999994,0.0010484166666666667,0.007486083333333333,0.006437666666666666,931.4230163954828,11.480244142529317,-919.9427722529535,0.0009596028638011375,0.4866050861201172,0.48564548325631607,1.0,0.875,-0.125,521.6019744873047,1.2770326398313046,-520.3249418474734,0.005245513551926706,0.0025519118062220514,-0.0026936017457046546,0.0,0.020647321827709675,0.020647321827709675,1.052733913064003,0.9929577335715294,-0.0597761794924736
mappo,29,62.915047,10.718345,-52.196702,0.000224,0.001582,0.001358,916.010765682881,0.6356195145214457,-915.3751461683596,67.10074229166666,38.654697041666665,-28.446045249999997,0.0007404166666666667,0.00308375,0.0023433333333333336,1010.5449836590913,19.760639783155273,-990.784343875936,0.0011426297178517108,0.7877948762977912,0.7866522465799395,1.0,0.875,-0.125,438.5812873840332,0.6406125389039516,-437.94067484512925,0.0027424076324678026,0.005828914174344391,0.003086506541876588,0.0,0.0,0.0,1.1021189838647842,0.558948740363121,-0.5431702435016632
mappo,43,68.958679,18.356586,-50.602093,0.000521,0.057771,0.05725,1069.8956113867614,4.371343986769528,-1065.524267399992,66.35612304166666,36.35298625,-30.003136791666662,0.0015256666666666667,0.018506333333333333,0.016980666666666665,970.2788946455282,14.30560601417618,-955.973288631352,0.000979432201366954,0.2344054805566056,0.23342604835523864,1.0,1.0,0.0,511.74363708496094,2.3507174849510193,-509.3929196000099,-0.004125506529817358,-0.002694639108085539,0.0014308674217318185,0.0,0.004464285913854837,0.004464285913854837,0.7246584594249725,0.2708360552787781,-0.45382240414619446
mappo,61,64.384048,15.435676,-48.948372000000006,0.000534,0.002138,0.0016040000000000002,615.6706102262339,4.022378675884527,-611.6482315503494,66.35043991666667,38.510801875,-27.839638041666674,0.0013010416666666667,0.00492275,0.0036217083333333336,907.680658116915,15.84928687564994,-891.8313712412651,0.0010329947052456032,0.37785997884165917,0.3768269841364136,1.0,0.875,-0.125,484.33831787109375,1.880027610808611,-482.45829026028514,0.006044253066647798,0.007078851660480723,0.001034598593832925,0.020647321827709675,0.0,-0.020647321827709675,0.8281809017062187,1.1322342306375504,0.30405332893133163
ppo,7,68.025711,12.345617,-55.680094,5.9e-05,0.004165,0.004106,887.3095208357197,1.0183023076875957,-886.2912185280321,65.73675925,37.16124870833333,-28.575510541666674,0.001359,0.0052968749999999995,0.0039378749999999995,731.1454019868506,13.164022352315325,-717.9813796345353,0.0009930457180404933,0.7133618804054055,0.712368834687365,1.0,0.875,-0.125,503.80339431762695,0.7613432221114635,-503.0420510955155,-0.00446620332513703,0.004694019560702145,0.009160222885839175,0.0,0.09095982182770967,0.09095982182770967,1.374934047460556,1.2487928867340088,-0.12614116072654724
ppo,17,67.715698,11.580922,-56.134776,0.000188,0.006959,0.006771,886.9200747393589,3.5244862998844386,-883.3955884394745,64.41983333333333,34.69545504166667,-29.72437829166666,0.0017394166666666667,0.007850125,0.006110708333333333,938.902182491046,11.399380513354968,-927.5028019776911,0.000962101846058595,0.43570759688933725,0.43474549504327864,1.0,1.0,0.0,519.7154159545898,1.2477352991700172,-518.4676806554198,-0.010034519946202636,-0.0017112335190176964,0.00832328642718494,0.0,0.04129464318975806,0.04129464318975806,1.246932789683342,0.6352417469024658,-0.6116910427808762
ppo,29,68.400284,14.661289,-53.738995,0.000141,0.000939,0.0007979999999999999,687.3831947320468,3.768025410070535,-683.6151693219763,65.29980816666666,38.150030541666666,-27.149777625,0.000282125,0.0007566666666666667,0.0004745416666666667,847.7466621167687,17.788805804699965,-829.9578563120687,0.0009860147266820146,0.18334886577607948,0.18236285104939745,1.0,1.0,0.0,508.47379302978516,2.8241764903068542,-505.6496165394783,-0.004299155763874296,-0.00975528548588045,-0.005456129722006153,0.0457589291036129,0.1534598208963871,0.1077008917927742,1.4291213303804398,1.025068685412407,-0.40405264496803284
ppo,43,66.022469,13.073579,-52.94889,7.5e-05,0.003398,0.003323,779.9987198925493,1.416251578099273,-778.58246831445,65.929240125,37.694484708333334,-28.234755416666673,0.0008917916666666667,0.006400208333333333,0.005508416666666667,783.3717456348085,15.779226162910291,-767.5925194718982,0.0010552642478595768,0.5117635579538411,0.5107082937059815,1.0,1.0,0.0,473.9380912780762,1.1742437854409218,-472.76384749263525,0.0024309656109835487,0.001300574716879055,-0.0011303908941044938,0.0,0.0,0.0,1.1251107305288315,1.3080060631036758,0.18289533257484436
ppo,61,59.168163,11.623205,-47.544958,5.1e-05,0.002217,0.002166,727.3562301060864,3.647904948343023,-723.7083251577434,64.12265704166667,36.138187,-27.98447004166667,0.0011137083333333333,0.006198208333333333,0.0050845000000000005,863.6014552192383,14.476164141845539,-849.1252910773928,0.0011643611211951935,0.4185735416074676,0.41740918048627246,1.0,1.0,0.0,430.2920341491699,1.5982378423213959,-428.6937963068485,1.557558061904274e-05,-0.0021889466588618234,-0.002204522239480866,0.004464285913854837,0.012834821827709675,0.008370535913854837,1.1909959763288498,0.8136381879448891,-0.3773577883839607
