method,seed,control_episode_count,candidate_episode_count,control_completion,candidate_completion,delta_completion,control_on_time,candidate_on_time,delta_on_time,control_unfinished_after_deadline,candidate_unfinished_after_deadline,delta_unfinished_after_deadline,control_failure_episode_rate,candidate_failure_episode_rate,delta_failure_episode_rate,control_failure_attempt_rate,candidate_failure_attempt_rate,delta_failure_attempt_rate,control_no_progress_episode_rate,candidate_no_progress_episode_rate,delta_no_progress_episode_rate,control_completed_elapsed_coverage,candidate_completed_elapsed_coverage,delta_completed_elapsed_coverage,control_completed_elapsed_seconds,candidate_completed_elapsed_seconds,delta_completed_elapsed_seconds,control_transfer_mb_all,candidate_transfer_mb_all,delta_transfer_mb_all,control_transfer_mb_completed,candidate_transfer_mb_completed,delta_transfer_mb_completed,control_recompute_seconds_all,candidate_recompute_seconds_all,delta_recompute_seconds_all,control_recompute_seconds_completed,candidate_recompute_seconds_completed,delta_recompute_seconds_completed,control_reward,candidate_reward,delta_reward
sa_ghmappo,7,20.0,20.0,0.85,1.0,0.15000000000000002,0.35,0.3,-0.04999999999999999,0.3,0.3,0.0,0.75,0.45,-0.3,0.36231884057971014,0.11038961038961038,-0.2519292301900998,0.65,0.1,-0.55,0.85,1.0,0.15000000000000002,81.99490863984157,96.6099182771567,14.615009637315126,829.4049463,532.92498645,-296.47995985,690.8878670588235,532.92498645,-157.96288060882353,38.50253826471517,52.466503510356695,13.963965245641525,41.040380987135684,52.466503510356695,11.42612252322101,66.40208621526752,84.30704954886778,17.904963333600264
sa_ghmappo,17,20.0,20.0,1.0,1.0,0.0,0.15,0.3,0.15,0.4,0.3,-0.10000000000000003,0.0,0.6,0.6,0.0,0.18452380952380953,0.18452380952380953,0.0,0.35,0.35,1.0,1.0,0.0,113.55005793830381,98.41055075527316,-15.139507183030645,814.9656815000001,357.12327315,-457.8424083500001,814.9656815000001,357.12327315,-457.8424083500001,67.6544447863038,54.67835800207317,-12.976086784230631,67.6544447863038,54.67835800207317,-12.976086784230631,81.42275979050535,82.84063381034505,1.4178740198397008
sa_ghmappo,29,20.0,20.0,0.75,1.0,0.25,0.35,0.35,0.0,0.3,0.25,-0.04999999999999999,0.75,0.6,-0.15000000000000002,0.3864734299516908,0.15950920245398773,-0.2269642274977031,0.6,0.35,-0.25,0.75,1.0,0.25,65.1021488327678,91.71407030743582,26.611921474668023,460.22436634999997,459.9825354,-0.24183094999995092,310.0113924,459.9825354,149.97114300000004,25.726467690510987,47.82700437703581,22.100536686524826,28.76332956503446,47.82700437703581,19.063674812001352,58.910878156031984,84.9078457373615,25.996967581329514
sa_ghmappo,43,20.0,20.0,0.9,1.0,0.09999999999999998,0.25,0.3,0.04999999999999999,0.25,0.3,0.04999999999999999,0.8,0.6,-0.20000000000000007,0.3791469194312796,0.20348837209302326,-0.17565854733825634,0.65,0.4,-0.25,0.9,1.0,0.09999999999999998,86.5864108017876,97.29957784778448,10.713167045996883,231.18424615,358.5022936,127.31804744999997,239.7132255,358.5022936,118.78906809999998,45.49431723520883,53.60745653738447,8.11313930217564,50.54924137245426,53.60745653738447,3.0582151649302105,69.41109293440581,82.4929920533605,13.08189911895468
sa_ghmappo,61,20.0,20.0,0.85,1.0,0.15000000000000002,0.35,0.3,-0.04999999999999999,0.35,0.3,-0.04999999999999999,0.75,0.6,-0.15000000000000002,0.35609756097560974,0.18452380952380953,-0.1715737514518002,0.6,0.35,-0.25,0.85,1.0,0.15000000000000002,69.02024549903041,97.71453244727316,28.69428694824275,694.15180675,341.64229795,-352.5095088,531.7662358823529,341.64229795,-190.12393793235293,30.046001449425688,54.67835800207317,24.63235655264748,31.091514145618643,54.67835800207317,23.586843856454525,67.06142889756961,82.84567384176526,15.784244944195649
mappo,7,20.0,20.0,0.85,0.85,0.0,0.35,0.35,0.0,0.35,0.35,0.0,0.75,0.75,0.0,0.35609756097560974,0.35609756097560974,0.0,0.6,0.6,0.0,0.85,0.85,0.0,69.02024549903041,69.02024549903041,0.0,694.15180675,694.15180675,0.0,531.7662358823529,531.7662358823529,0.0,30.046001449425688,30.046001449425688,0.0,31.091514145618643,31.091514145618643,0.0,67.06142889756961,67.06142889756961,0.0
mappo,17,20.0,20.0,0.85,0.85,0.0,0.35,0.35,0.0,0.35,0.3,-0.04999999999999999,0.75,0.75,0.0,0.35609756097560974,0.36231884057971014,0.006221279604100405,0.6,0.65,0.050000000000000044,0.85,0.85,0.0,69.02024549903041,81.99490863984157,12.97466314081116,694.15180675,829.4049463,135.25313955000001,531.7662358823529,690.8878670588235,159.1216311764706,30.046001449425688,38.50253826471517,8.456536815289482,31.091514145618643,41.040380987135684,9.948866841517042,67.06142889756961,66.40208621526752,-0.6593426823020963
mappo,29,20.0,20.0,0.85,0.85,0.0,0.35,0.35,0.0,0.35,0.35,0.0,0.75,0.75,0.0,0.35609756097560974,0.35609756097560974,0.0,0.6,0.6,0.0,0.85,0.85,0.0,69.02024549903041,69.02024549903041,0.0,694.15180675,694.15180675,0.0,531.7662358823529,531.7662358823529,0.0,30.046001449425688,30.046001449425688,0.0,31.091514145618643,31.091514145618643,0.0,67.06142889756961,67.06142889756961,0.0
mappo,43,20.0,20.0,0.85,0.85,0.0,0.35,0.35,0.0,0.35,0.35,0.0,0.75,0.75,0.0,0.35609756097560974,0.35609756097560974,0.0,0.6,0.6,0.0,0.85,0.85,0.0,69.02024549903041,69.02024549903041,0.0,694.15180675,694.15180675,0.0,531.7662358823529,531.7662358823529,0.0,30.046001449425688,30.046001449425688,0.0,31.091514145618643,31.091514145618643,0.0,67.06142889756961,67.06142889756961,0.0
mappo,61,20.0,20.0,1.0,1.0,0.0,0.15,0.15,0.0,0.4,0.4,0.0,0.0,0.0,0.0,0.0,0.0,0.0,0.0,0.0,0.0,1.0,1.0,0.0,113.55005793830381,113.55005793830381,0.0,814.9656815000001,814.9656815000001,0.0,814.9656815000001,814.9656815000001,0.0,67.6544447863038,67.6544447863038,0.0,67.6544447863038,67.6544447863038,0.0,81.42275979050535,81.42275979050535,0.0
ppo,7,20.0,20.0,0.9,0.85,-0.050000000000000044,0.35,0.35,0.0,0.35,0.25,-0.09999999999999998,0.75,0.75,0.0,0.3463414634146341,0.35609756097560974,0.009756097560975618,0.6,0.6,0.0,0.9,0.85,-0.050000000000000044,70.42332123466058,68.09993418022884,-2.323387054431734,460.4855521,460.4657945,-0.01975759999999127,381.06954716666667,394.34554529411764,13.275998127450976,24.090055015473638,24.090055015473638,0.0,26.526960331993912,28.087369763287672,1.5604094312937598,72.57699887373757,69.8136067319123,-2.763392141825264
ppo,17,20.0,20.0,1.0,1.0,0.0,0.45,0.15,-0.30000000000000004,0.3,0.4,0.10000000000000003,0.1,0.0,-0.1,0.04861111111111111,0.0,-0.04861111111111111,0.05,0.0,-0.05,1.0,1.0,0.0,82.37030969796825,113.55005793830381,31.179748240335556,1249.97898645,814.9656815000001,-435.01330495,1249.97898645,814.9656815000001,-435.01330495,32.28040785316825,67.6544447863038,35.37403693313555,32.28040785316825,67.6544447863038,35.37403693313555,89.88201432837262,81.42275979050535,-8.459254537867267
ppo,29,20.0,20.0,1.0,1.0,0.0,0.15,0.15,0.0,0.4,0.4,0.0,0.0,0.0,0.0,0.0,0.0,0.0,0.0,0.0,0.0,1.0,1.0,0.0,113.55005793830381,113.55005793830381,0.0,814.9656815000001,814.9656815000001,0.0,814.9656815000001,814.9656815000001,0.0,67.6544447863038,67.6544447863038,0.0,67.6544447863038,67.6544447863038,0.0,81.42275979050535,81.42275979050535,0.0
ppo,43,20.0,20.0,1.0,1.0,0.0,0.15,0.15,0.0,0.4,0.55,0.15000000000000002,0.0,0.0,0.0,0.0,0.0,0.0,0.0,0.0,0.0,1.0,1.0,0.0,113.55005793830381,97.67594752057025,-15.874110417733561,814.9656815000001,302.7455014,-512.2201801000001,814.9656815000001,302.7455014,-512.2201801000001,67.6544447863038,43.804135349370256,-23.850309436933543,67.6544447863038,43.804135349370256,-23.850309436933543,81.42275979050535,82.3432031105772,0.920443320071854
ppo,61,20.0,20.0,0.75,1.0,0.25,0.35,0.15,-0.19999999999999998,0.25,0.4,0.15000000000000002,0.75,0.0,-0.75,0.3923444976076555,0.0,-0.3923444976076555,0.65,0.0,-0.65,0.75,1.0,0.25,79.81002433368711,113.55005793830381,33.7400336046167,595.4775059,814.9656815000001,219.4881756000001,490.3495337333333,814.9656815000001,324.61614776666676,34.183004505800476,67.6544447863038,33.47144028050332,40.03871198542044,67.6544447863038,27.615732800883357,58.25153547372988,81.42275979050535,23.171224316775472
