design_id,label,source_type,method,decisions,actual_prefix_recompute_seconds,actual_recovery_overhead_seconds,actual_link_mbps,actual_target_model,estimated_target_model,realized_recovery_minus_restart_seconds,completed_workflows,deadline_violations,total_completion_seconds,makespan_seconds,total_queue_wait_seconds,total_transfer_bytes,repeated_compute_seconds,decision_overhead_seconds,wrong_decision_count_vs_oracle,completion_time_penalty_vs_oracle_seconds,makespan_penalty_vs_oracle_seconds,transfer_penalty_vs_oracle_bytes,recompute_penalty_vs_oracle_seconds,oracle_information_boundary
r01,observed_v2_low_cost,measured_version_specific,current_restart_rule,restart-restart-restart,11.066553709,0.005851209,100.0,ready,ready,-11.07594826,3,2,186.21072672396485,106.15276663342497,81.10192790996484,309435531,33.199661127,2.0800000000154029e-07,3,66.45568956,33.227844779999984,571716,33.199661127,online_or_fixed_rule
r01,observed_v2_low_cost,measured_version_specific,mechanism_aware_local_incremental_cost,recover-recover-recover,11.066553709,0.005851209,100.0,ready,ready,-11.07594826,3,1,119.75503716396486,72.92492185342499,47.87408312996486,308863815,0.0,2.9199999999895976e-07,0,0.0,0.0,0,0.0,online_or_fixed_rule
r01,observed_v2_low_cost,measured_version_specific,post_hoc_exact_oracle,recover-recover-recover,11.066553709,0.005851209,100.0,ready,ready,-11.07594826,3,1,119.75503716396486,72.92492185342499,47.87408312996486,308863815,0.0,9.095800000000209e-05,0,0.0,0.0,0,0.0,post_hoc_realized_cost_oracle
r02,observed_v1_low_cost,measured_version_specific,current_restart_rule,restart-restart-restart,11.295001417,0.005875042,100.0,ready,ready,-11.304372135,3,2,188.98406347296486,107.54476238342498,82.48326890896486,309435531,33.885004251,2.0800000000154029e-07,3,67.82623281000001,33.913116405,571716,33.885004251,online_or_fixed_rule
r02,observed_v1_low_cost,measured_version_specific,mechanism_aware_local_incremental_cost,recover-recover-recover,11.295001417,0.005875042,100.0,ready,ready,-11.304372135,3,1,121.15783066296486,73.63164597842498,48.570152503964856,308863815,0.0,1.6600000000283055e-07,0,0.0,0.0,0,0.0,online_or_fixed_rule
r02,observed_v1_low_cost,measured_version_specific,post_hoc_exact_oracle,recover-recover-recover,11.295001417,0.005875042,100.0,ready,ready,-11.304372135,3,1,121.15783066296486,73.63164597842498,48.570152503964856,308863815,0.0,7.787499999999808e-05,0,0.0,0.0,0,0.0,post_hoc_realized_cost_oracle
r03,missing_correctly_observed,measured_load_envelope_plus_synthetic_readiness,current_restart_rule,restart-restart-restart,11.035304,0.006151,100.0,missing,missing,-11.044398759999993,3,3,471.35597360196493,201.14933759242498,271.25060382896487,1483760030,33.105912000000004,1.2499999999665556e-07,3,66.26639256000004,33.13319627999999,571716,33.105912000000004,online_or_fixed_rule
r03,missing_correctly_observed,measured_load_envelope_plus_synthetic_readiness,mechanism_aware_local_incremental_cost,recover-recover-recover,11.035304,0.006151,100.0,missing,missing,-11.044398759999993,3,3,405.0895810419649,168.016141312425,238.11740754896488,1483188314,0.0,1.2499999999665556e-07,0,0.0,0.0,0,0.0,online_or_fixed_rule
r03,missing_correctly_observed,measured_load_envelope_plus_synthetic_readiness,post_hoc_exact_oracle,recover-recover-recover,11.035304,0.006151,100.0,missing,missing,-11.044398759999993,3,3,405.0895810419649,168.016141312425,238.11740754896488,1483188314,0.0,8.079100000000367e-05,0,0.0,0.0,0,0.0,post_hoc_realized_cost_oracle
r04,ready_false_positive,explicit_hypothesis,current_restart_rule,restart-restart-restart,11.035304,0.006151,100.0,missing,ready,-11.044398759999993,3,3,471.35597360196493,201.14933759242498,271.25060382896487,1483760030,33.105912000000004,1.2499999999665556e-07,3,66.26639256000004,33.13319627999999,571716,33.105912000000004,online_or_fixed_rule
r04,ready_false_positive,explicit_hypothesis,mechanism_aware_local_incremental_cost,recover-recover-recover,11.035304,0.006151,100.0,missing,ready,-11.044398759999993,3,3,405.0895810419649,168.016141312425,238.11740754896488,1483188314,0.0,1.2500000000359446e-07,0,0.0,0.0,0,0.0,online_or_fixed_rule
r04,ready_false_positive,explicit_hypothesis,post_hoc_exact_oracle,recover-recover-recover,11.035304,0.006151,100.0,missing,ready,-11.044398759999993,3,3,405.0895810419649,168.016141312425,238.11740754896488,1483188314,0.0,7.787499999999808e-05,0,0.0,0.0,0,0.0,post_hoc_realized_cost_oracle
r05,ready_false_negative,explicit_hypothesis,current_restart_rule,restart-restart-restart,11.035304,0.006151,100.0,ready,missing,-11.04439876,3,2,185.72192234496487,105.889396465425,80.87649369896485,309435531,33.105912000000004,8.400000000435837e-08,3,66.26639256,33.13319628000001,571716,33.105912000000004,online_or_fixed_rule
r05,ready_false_negative,explicit_hypothesis,mechanism_aware_local_incremental_cost,recover-recover-recover,11.035304,0.006151,100.0,ready,missing,-11.04439876,3,1,119.45552978496487,72.75620018542499,47.743297418964865,308863815,0.0,1.2499999999665556e-07,0,0.0,0.0,0,0.0,online_or_fixed_rule
r05,ready_false_negative,explicit_hypothesis,post_hoc_exact_oracle,recover-recover-recover,11.035304,0.006151,100.0,ready,missing,-11.04439876,3,1,119.45552978496487,72.75620018542499,47.743297418964865,308863815,0.0,7.424999999999793e-05,0,0.0,0.0,0,0.0,post_hoc_realized_cost_oracle
r06,boundary_50_mbps,break_even_hypothesis,current_restart_rule,restart-restart-restart,11.035304,11.05,50.0,ready,ready,-0.015795519999999286,3,2,222.95203165596484,130.69404877942497,93.30195069596485,309435531,33.105912000000004,8.299999999794583e-08,3,0.09477312000001348,0.04738656000000674,571716,33.105912000000004,online_or_fixed_rule
r06,boundary_50_mbps,break_even_hypothesis,mechanism_aware_local_incremental_cost,recover-recover-recover,11.035304,11.05,50.0,ready,ready,-0.015795519999999286,3,2,222.85725853596483,130.64666221942497,93.25456413596486,308863815,0.0,1.2500000000359446e-07,0,0.0,0.0,0,0.0,online_or_fixed_rule
r06,boundary_50_mbps,break_even_hypothesis,post_hoc_exact_oracle,recover-recover-recover,11.035304,11.05,50.0,ready,ready,-0.015795519999999286,3,2,222.85725853596483,130.64666221942497,93.25456413596486,308863815,0.0,7.312500000000027e-05,0,0.0,0.0,0,0.0,post_hoc_realized_cost_oracle
r07,boundary_100_mbps,break_even_hypothesis,current_restart_rule,restart-restart-restart,11.035304,11.05,100.0,ready,ready,-0.0005497600000001768,3,2,185.79663709596485,105.939206299425,80.90139861596487,309435531,33.105912000000004,8.399999999741947e-08,3,0.0032985599999904025,0.001649280000009412,571716,33.105912000000004,online_or_fixed_rule
r07,boundary_100_mbps,break_even_hypothesis,mechanism_aware_local_incremental_cost,recover-recover-recover,11.035304,11.05,100.0,ready,ready,-0.0005497600000001768,3,2,185.79333853596486,105.93755701942499,80.89974933596486,308863815,0.0,8.299999999794583e-08,0,0.0,0.0,0,0.0,online_or_fixed_rule
r07,boundary_100_mbps,break_even_hypothesis,post_hoc_exact_oracle,recover-recover-recover,11.035304,11.05,100.0,ready,ready,-0.0005497600000001768,3,2,185.79333853596486,105.93755701942499,80.89974933596486,308863815,0.0,7.904100000000192e-05,0,0.0,0.0,0,0.0,post_hoc_realized_cost_oracle
r08,boundary_200_mbps,break_even_hypothesis,current_restart_rule,restart-restart-restart,11.035304,11.05,200.0,ready,ready,0.007073119999999378,3,1,167.21893981596486,93.56178505942498,74.70112257596486,309435531,33.105912000000004,1.670000000023042e-07,0,0.0,0.0,0,0.0,online_or_fixed_rule
r08,boundary_200_mbps,break_even_hypothesis,mechanism_aware_local_incremental_cost,recover-recover-recover,11.035304,11.05,200.0,ready,ready,0.007073119999999378,3,1,167.26137853596487,93.58300441942498,74.72234193596486,308863815,0.0,1.669999999953653e-07,3,0.042438720000006924,0.021219360000003462,-571716,-33.105912000000004,online_or_fixed_rule
r08,boundary_200_mbps,break_even_hypothesis,post_hoc_exact_oracle,restart-restart-restart,11.035304,11.05,200.0,ready,ready,0.007073119999999378,3,1,167.21893981596486,93.56178505942498,74.70112257596486,309435531,33.105912000000004,7.495799999999997e-05,0,0.0,0.0,0,0.0,post_hoc_realized_cost_oracle
r09,recovery_worth_near_boundary,break_even_hypothesis,current_restart_rule,restart-restart-restart,11.035304,11.0,100.0,ready,ready,-0.05054976000000089,3,2,185.79663709596485,105.939206299425,80.90139861596487,309435531,33.105912000000004,8.299999999794583e-08,3,0.30329856000000177,0.1516492800000151,571716,33.105912000000004,online_or_fixed_rule
r09,recovery_worth_near_boundary,break_even_hypothesis,mechanism_aware_local_incremental_cost,recover-recover-recover,11.035304,11.0,100.0,ready,ready,-0.05054976000000089,3,2,185.49333853596485,105.78755701942498,80.74974933596485,308863815,0.0,1.2500000000359446e-07,0,0.0,0.0,0,0.0,online_or_fixed_rule
r09,recovery_worth_near_boundary,break_even_hypothesis,post_hoc_exact_oracle,recover-recover-recover,11.035304,11.0,100.0,ready,ready,-0.05054976000000089,3,2,185.49333853596485,105.78755701942498,80.74974933596485,308863815,0.0,7.316699999999898e-05,0,0.0,0.0,0,0.0,post_hoc_realized_cost_oracle
r10,restart_worth_near_boundary,break_even_hypothesis,current_restart_rule,restart-restart-restart,11.035304,11.1,100.0,ready,ready,0.04945023999999876,3,2,185.79663709596485,105.939206299425,80.90139861596487,309435531,33.105912000000004,8.300000000488472e-08,0,0.0,0.0,0,0.0,online_or_fixed_rule
r10,restart_worth_near_boundary,break_even_hypothesis,mechanism_aware_local_incremental_cost,recover-recover-recover,11.035304,11.1,100.0,ready,ready,0.04945023999999876,3,2,186.09333853596485,106.08755701942499,81.04974933596486,308863815,0.0,1.2499999999665556e-07,3,0.29670143999999254,0.14835071999999627,-571716,-33.105912000000004,online_or_fixed_rule
r10,restart_worth_near_boundary,break_even_hypothesis,post_hoc_exact_oracle,restart-restart-restart,11.035304,11.1,100.0,ready,ready,0.04945023999999876,3,2,185.79663709596485,105.939206299425,80.90139861596487,309435531,33.105912000000004,7.204199999999439e-05,0,0.0,0.0,0,0.0,post_hoc_realized_cost_oracle
r11,high_restore_control,pre_registered_synthetic_control,current_restart_rule,restart-restart-restart,11.035304,14.0,100.0,ready,ready,2.949450239999999,3,2,185.79663709596485,105.939206299425,80.90139861596487,309435531,33.105912000000004,8.400000000435837e-08,0,0.0,0.0,0,0.0,online_or_fixed_rule
r11,high_restore_control,pre_registered_synthetic_control,mechanism_aware_local_incremental_cost,recover-recover-recover,11.035304,14.0,100.0,ready,ready,2.949450239999999,3,2,203.49333853596485,114.78755701942498,89.74974933596485,308863815,0.0,1.2500000000359446e-07,3,17.69670144,8.848350719999985,-571716,-33.105912000000004,online_or_fixed_rule
r11,high_restore_control,pre_registered_synthetic_control,post_hoc_exact_oracle,restart-restart-restart,11.035304,14.0,100.0,ready,ready,2.949450239999999,3,2,185.79663709596485,105.939206299425,80.90139861596487,309435531,33.105912000000004,7.174999999999543e-05,0,0.0,0.0,0,0.0,post_hoc_realized_cost_oracle
r12,faster_recompute_adverse_case,explicit_hypothesis_within_small_relative_perturbation,current_restart_rule,restart-restart-restart,10.8,11.0,100.0,ready,ready,0.1847542399999984,3,2,182.89827434496488,104.477572465425,79.46466969896485,309435531,32.400000000000006,8.299999999794583e-08,0,0.0,0.0,0,0.0,online_or_fixed_rule
r12,faster_recompute_adverse_case,explicit_hypothesis_within_small_relative_perturbation,mechanism_aware_local_incremental_cost,recover-recover-recover,10.8,11.0,100.0,ready,ready,0.1847542399999984,3,2,184.00679978496487,105.03183518542498,80.01893241896485,308863815,0.0,1.2499999999665556e-07,3,1.108525439999994,0.5542627199999828,-571716,-32.400000000000006,online_or_fixed_rule
r12,faster_recompute_adverse_case,explicit_hypothesis_within_small_relative_perturbation,post_hoc_exact_oracle,restart-restart-restart,10.8,11.0,100.0,ready,ready,0.1847542399999984,3,2,182.89827434496488,104.477572465425,79.46466969896485,309435531,32.400000000000006,7.245800000000441e-05,0,0.0,0.0,0,0.0,post_hoc_realized_cost_oracle
