design_id,seed,sharing,capacity,initial_target_model,restore_cost,method,decisions,completed_nodes,completed_workflows,total_completion_seconds,makespan_seconds,base_transfer_bytes,adapter_transfer_bytes,input_transfer_bytes,state_transfer_bytes,total_transfer_bytes,deadline_violations,repeated_compute_seconds,service_failure_count,cache_prepare_count,decision_overhead_seconds,offline_future_information
d01,17,True,tight,ready,low,current_restart_rule,restart-restart-restart,6,3,185.79663709596485,105.939206299425,0,308857260,578271,0,309435531,2,33.105912000000004,0,2,9.292000000001022e-06,False
d01,17,True,tight,ready,low,mechanism_aware_local_incremental_cost,recover-recover-recover,6,3,119.53017493596488,72.805975219425,0,308857260,0,6120,308863380,1,0.0,0,2,8.58400000000592e-06,False
d01,17,True,tight,ready,low,offline_exact_enumeration,recover-recover-recover,6,3,119.53017493596488,72.805975219425,0,308857260,0,6120,308863380,1,0.0,0,2,9.292000000001022e-06,True
d01,29,True,tight,ready,low,current_restart_rule,restart-restart-restart,6,3,187.05418295143744,105.9914765876234,0,308857260,578271,0,309435531,2,33.105912000000004,0,2,8.582999999999508e-06,False
d01,29,True,tight,ready,low,mechanism_aware_local_incremental_cost,recover-recover-recover,6,3,120.78772079143744,72.85824550762341,0,308857260,0,6120,308863380,1,0.0,0,2,8.332999999999258e-06,False
d01,29,True,tight,ready,low,offline_exact_enumeration,recover-recover-recover,6,3,120.78772079143744,72.85824550762341,0,308857260,0,6120,308863380,1,0.0,0,2,8.250000000001312e-06,True
d01,43,True,tight,ready,low,current_restart_rule,restart-restart-restart,6,3,185.71696482928468,104.97234215867476,0,308857260,578271,0,309435531,2,33.105912000000004,0,2,9.333000000000258e-06,False
d01,43,True,tight,ready,low,mechanism_aware_local_incremental_cost,recover-recover-recover,6,3,119.4505026692847,71.83911107867476,0,308857260,0,6120,308863380,1,0.0,0,2,8.416000000004142e-06,False
d01,43,True,tight,ready,low,offline_exact_enumeration,recover-recover-recover,6,3,119.4505026692847,71.83911107867476,0,308857260,0,6120,308863380,1,0.0,0,2,9.124999999998717e-06,True
d02,17,True,tight,missing,high,current_restart_rule,restart-restart-restart,6,3,471.2138588559649,201.078280219425,1019895869,463285890,578271,0,1483760030,3,33.105912000000004,0,3,9.083999999999481e-06,False
d02,17,True,tight,missing,high,mechanism_aware_local_incremental_cost,restart-restart-restart,6,3,471.2138588559649,201.078280219425,1019895869,463285890,578271,0,1483760030,3,33.105912000000004,0,3,9.041999999993833e-06,False
d02,17,True,tight,missing,high,offline_exact_enumeration,restart-restart-restart,6,3,471.2138588559649,201.078280219425,1019895869,463285890,578271,0,1483760030,3,33.105912000000004,0,3,9.000000000002062e-06,True
d02,29,True,tight,missing,high,current_restart_rule,restart-restart-restart,6,3,472.47140471143746,201.1305505076234,1019895869,463285890,578271,0,1483760030,3,33.105912000000004,0,3,8.916000000004642e-06,False
d02,29,True,tight,missing,high,mechanism_aware_local_incremental_cost,restart-restart-restart,6,3,472.47140471143746,201.1305505076234,1019895869,463285890,578271,0,1483760030,3,33.105912000000004,0,3,9.624999999999218e-06,False
d02,29,True,tight,missing,high,offline_exact_enumeration,restart-restart-restart,6,3,472.47140471143746,201.1305505076234,1019895869,463285890,578271,0,1483760030,3,33.105912000000004,0,3,9.874999999999468e-06,True
d02,43,True,tight,missing,high,current_restart_rule,restart-restart-restart,6,3,471.1341865892847,200.11141607867478,1019895869,463285890,578271,0,1483760030,3,33.105912000000004,0,3,8.916999999997177e-06,False
d02,43,True,tight,missing,high,mechanism_aware_local_incremental_cost,restart-restart-restart,6,3,471.1341865892847,200.11141607867478,1019895869,463285890,578271,0,1483760030,3,33.105912000000004,0,3,8.915999999997704e-06,False
d02,43,True,tight,missing,high,offline_exact_enumeration,restart-restart-restart,6,3,471.1341865892847,200.11141607867478,1019895869,463285890,578271,0,1483760030,3,33.105912000000004,0,3,8.750000000001812e-06,True
d03,17,True,ample,ready,high,current_restart_rule,restart-restart-restart,6,3,185.79663709596485,105.939206299425,0,308857260,578271,0,309435531,2,33.105912000000004,0,2,7.209000000001076e-06,False
d03,17,True,ample,ready,high,mechanism_aware_local_incremental_cost,restart-restart-restart,6,3,185.79663709596485,105.939206299425,0,308857260,578271,0,309435531,2,33.105912000000004,0,2,7.0829999999980076e-06,False
d03,17,True,ample,ready,high,offline_exact_enumeration,restart-restart-restart,6,3,185.79663709596485,105.939206299425,0,308857260,578271,0,309435531,2,33.105912000000004,0,2,7.165999999995953e-06,True
d03,29,True,ample,ready,high,current_restart_rule,restart-restart-restart,6,3,187.05418295143744,105.9914765876234,0,308857260,578271,0,309435531,2,33.105912000000004,0,2,7.167000000002366e-06,False
d03,29,True,ample,ready,high,mechanism_aware_local_incremental_cost,restart-restart-restart,6,3,187.05418295143744,105.9914765876234,0,308857260,578271,0,309435531,2,33.105912000000004,0,2,7.166999999995427e-06,False
d03,29,True,ample,ready,high,offline_exact_enumeration,restart-restart-restart,6,3,187.05418295143744,105.9914765876234,0,308857260,578271,0,309435531,2,33.105912000000004,0,2,7.000000000000062e-06,True
d03,43,True,ample,ready,high,current_restart_rule,restart-restart-restart,6,3,185.71696482928468,104.97234215867476,0,308857260,578271,0,309435531,2,33.105912000000004,0,2,7.167000000002366e-06,False
d03,43,True,ample,ready,high,mechanism_aware_local_incremental_cost,restart-restart-restart,6,3,185.71696482928468,104.97234215867476,0,308857260,578271,0,309435531,2,33.105912000000004,0,2,7.083999999997481e-06,False
d03,43,True,ample,ready,high,offline_exact_enumeration,restart-restart-restart,6,3,185.71696482928468,104.97234215867476,0,308857260,578271,0,309435531,2,33.105912000000004,0,2,6.957999999994413e-06,True
d04,17,True,ample,missing,low,current_restart_rule,restart-restart-restart,6,3,471.2138588559649,201.078280219425,1019895869,463285890,578271,0,1483760030,3,33.105912000000004,0,3,1.3834000000004232e-05,False
d04,17,True,ample,missing,low,mechanism_aware_local_incremental_cost,recover-recover-recover,6,3,404.9473966959649,167.945049139425,1019895869,463285890,0,6120,1483187879,3,0.0,0,3,7.833999999998231e-06,False
d04,17,True,ample,missing,low,offline_exact_enumeration,recover-recover-recover,6,3,404.9473966959649,167.945049139425,1019895869,463285890,0,6120,1483187879,3,0.0,0,3,7.707999999995163e-06,True
d04,29,True,ample,missing,low,current_restart_rule,restart-restart-restart,6,3,472.47140471143746,201.1305505076234,1019895869,463285890,578271,0,1483760030,3,33.105912000000004,0,3,7.625000000004156e-06,False
d04,29,True,ample,missing,low,mechanism_aware_local_incremental_cost,recover-recover-recover,6,3,406.2049425514374,167.9973194276234,1019895869,463285890,0,6120,1483187879,3,0.0,0,3,7.707999999995163e-06,False
d04,29,True,ample,missing,low,offline_exact_enumeration,recover-recover-recover,6,3,406.2049425514374,167.9973194276234,1019895869,463285890,0,6120,1483187879,3,0.0,0,3,7.500000000000562e-06,True
d04,43,True,ample,missing,low,current_restart_rule,restart-restart-restart,6,3,471.1341865892847,200.11141607867478,1019895869,463285890,578271,0,1483760030,3,33.105912000000004,0,3,8.374999999997967e-06,False
d04,43,True,ample,missing,low,mechanism_aware_local_incremental_cost,recover-recover-recover,6,3,404.86772442928475,166.97818499867478,1019895869,463285890,0,6120,1483187879,3,0.0,0,3,7.5419999999992715e-06,False
d04,43,True,ample,missing,low,offline_exact_enumeration,recover-recover-recover,6,3,404.86772442928475,166.97818499867478,1019895869,463285890,0,6120,1483187879,3,0.0,0,3,7.54200000000621e-06,True
d05,17,False,tight,ready,high,current_restart_rule,restart-restart-restart,6,3,430.5716456559649,269.122545339425,2039791738,308857260,578271,0,2349227269,2,33.105912000000004,0,2,9.124999999998717e-06,False
d05,17,False,tight,ready,high,mechanism_aware_local_incremental_cost,restart-restart-restart,6,3,430.5716456559649,269.122545339425,2039791738,308857260,578271,0,2349227269,2,33.105912000000004,0,2,8.958999999995887e-06,False
d05,17,False,tight,ready,high,offline_exact_enumeration,restart-restart-restart,6,3,430.5716456559649,269.122545339425,2039791738,308857260,578271,0,2349227269,2,33.105912000000004,0,2,8.874999999998467e-06,True
d05,29,False,tight,ready,high,current_restart_rule,restart-restart-restart,6,3,431.82919151143744,269.1748156276234,2039791738,308857260,578271,0,2349227269,2,33.105912000000004,0,2,9.874999999999468e-06,False
d05,29,False,tight,ready,high,mechanism_aware_local_incremental_cost,restart-restart-restart,6,3,431.82919151143744,269.1748156276234,2039791738,308857260,578271,0,2349227269,2,33.105912000000004,0,2,8.959000000002826e-06,False
d05,29,False,tight,ready,high,offline_exact_enumeration,restart-restart-restart,6,3,431.82919151143744,269.1748156276234,2039791738,308857260,578271,0,2349227269,2,33.105912000000004,0,2,8.832999999999758e-06,True
d05,43,False,tight,ready,high,current_restart_rule,restart-restart-restart,6,3,430.4919733892847,268.15568119867476,2039791738,308857260,578271,0,2349227269,2,33.105912000000004,0,2,8.917000000004116e-06,False
d05,43,False,tight,ready,high,mechanism_aware_local_incremental_cost,restart-restart-restart,6,3,430.4919733892847,268.15568119867476,2039791738,308857260,578271,0,2349227269,2,33.105912000000004,0,2,1.3542000000005272e-05,False
d05,43,False,tight,ready,high,offline_exact_enumeration,restart-restart-restart,6,3,430.4919733892847,268.15568119867476,2039791738,308857260,578271,0,2349227269,2,33.105912000000004,0,2,8.832999999999758e-06,True
d06,17,False,tight,missing,low,current_restart_rule,restart-restart-restart,6,3,715.9888674159649,364.261619259425,3059687607,463285890,578271,0,3523551768,3,33.105912000000004,0,3,9.624999999999218e-06,False
d06,17,False,tight,missing,low,mechanism_aware_local_incremental_cost,recover-recover-recover,6,3,649.7224052559649,331.128388179425,3059687607,463285890,0,6120,3522979617,3,0.0,0,3,9.499999999995623e-06,False
d06,17,False,tight,missing,low,offline_exact_enumeration,recover-recover-recover,6,3,649.7224052559649,331.128388179425,3059687607,463285890,0,6120,3522979617,3,0.0,0,3,9.292000000001022e-06,True
d06,29,False,tight,missing,low,current_restart_rule,restart-restart-restart,6,3,717.2464132714374,364.31388954762343,3059687607,463285890,578271,0,3523551768,3,33.105912000000004,0,3,9.583000000000508e-06,False
d06,29,False,tight,missing,low,mechanism_aware_local_incremental_cost,recover-recover-recover,6,3,650.9799511114375,331.1806584676234,3059687607,463285890,0,6120,3522979617,3,0.0,0,3,9.374999999998967e-06,False
d06,29,False,tight,missing,low,offline_exact_enumeration,recover-recover-recover,6,3,650.9799511114375,331.1806584676234,3059687607,463285890,0,6120,3522979617,3,0.0,0,3,9.291000000001548e-06,True
d06,43,False,tight,missing,low,current_restart_rule,restart-restart-restart,6,3,715.9091951492848,363.2947551186748,3059687607,463285890,578271,0,3523551768,3,33.105912000000004,0,3,9.500000000002562e-06,False
d06,43,False,tight,missing,low,mechanism_aware_local_incremental_cost,recover-recover-recover,6,3,649.6427329892847,330.16152403867477,3059687607,463285890,0,6120,3522979617,3,0.0,0,3,1.0250000000003312e-05,False
d06,43,False,tight,missing,low,offline_exact_enumeration,recover-recover-recover,6,3,649.6427329892847,330.16152403867477,3059687607,463285890,0,6120,3522979617,3,0.0,0,3,1.1083000000002008e-05,True
d07,17,False,ample,ready,low,current_restart_rule,restart-restart-restart,6,3,348.9799761359649,187.530875819425,1019895869,308857260,578271,0,1329331400,2,33.105912000000004,0,2,8.249999999994373e-06,False
d07,17,False,ample,ready,low,mechanism_aware_local_incremental_cost,recover-recover-recover,6,3,282.7135139759649,154.397644739425,1019895869,308857260,0,6120,1328759249,2,0.0,0,2,8.083000000005947e-06,False
d07,17,False,ample,ready,low,offline_exact_enumeration,recover-recover-recover,6,3,282.7135139759649,154.397644739425,1019895869,308857260,0,6120,1328759249,2,0.0,0,2,8.041000000000298e-06,True
d07,29,False,ample,ready,low,current_restart_rule,restart-restart-restart,6,3,350.23752199143746,187.5831461076234,1019895869,308857260,578271,0,1329331400,2,33.105912000000004,0,2,8.082999999999008e-06,False
d07,29,False,ample,ready,low,mechanism_aware_local_incremental_cost,recover-recover-recover,6,3,283.9710598314374,154.4499150276234,1019895869,308857260,0,6120,1328759249,2,0.0,0,2,9.834000000000231e-06,False
d07,29,False,ample,ready,low,offline_exact_enumeration,recover-recover-recover,6,3,283.9710598314374,154.4499150276234,1019895869,308857260,0,6120,1328759249,2,0.0,0,2,8.500000000001562e-06,True
d07,43,False,ample,ready,low,current_restart_rule,restart-restart-restart,6,3,348.9003038692847,186.56401167867477,1019895869,308857260,578271,0,1329331400,2,33.105912000000004,0,2,8.041999999999772e-06,False
d07,43,False,ample,ready,low,mechanism_aware_local_incremental_cost,recover-recover-recover,6,3,282.63384170928475,153.43078059867477,1019895869,308857260,0,6120,1328759249,2,0.0,0,2,7.916000000003642e-06,False
d07,43,False,ample,ready,low,offline_exact_enumeration,recover-recover-recover,6,3,282.63384170928475,153.43078059867477,1019895869,308857260,0,6120,1328759249,2,0.0,0,2,7.832999999998758e-06,True
d08,17,False,ample,missing,high,current_restart_rule,restart-restart-restart,6,3,634.3971978959648,282.66994973942496,2039791738,463285890,578271,0,2503655899,3,33.105912000000004,0,3,8.874999999998467e-06,False
d08,17,False,ample,missing,high,mechanism_aware_local_incremental_cost,restart-restart-restart,6,3,634.3971978959648,282.66994973942496,2039791738,463285890,578271,0,2503655899,3,33.105912000000004,0,3,9.416999999997677e-06,False
d08,17,False,ample,missing,high,offline_exact_enumeration,restart-restart-restart,6,3,634.3971978959648,282.66994973942496,2039791738,463285890,578271,0,2503655899,3,33.105912000000004,0,3,8.750000000001812e-06,True
d08,29,False,ample,missing,high,current_restart_rule,restart-restart-restart,6,3,635.6547437514374,282.7222200276234,2039791738,463285890,578271,0,2503655899,3,33.105912000000004,0,3,8.874999999998467e-06,False
d08,29,False,ample,missing,high,mechanism_aware_local_incremental_cost,restart-restart-restart,6,3,635.6547437514374,282.7222200276234,2039791738,463285890,578271,0,2503655899,3,33.105912000000004,0,3,8.667000000003866e-06,False
d08,29,False,ample,missing,high,offline_exact_enumeration,restart-restart-restart,6,3,635.6547437514374,282.7222200276234,2039791738,463285890,578271,0,2503655899,3,33.105912000000004,0,3,8.625000000005156e-06,True
d08,43,False,ample,missing,high,current_restart_rule,restart-restart-restart,6,3,634.3175256292848,281.70308559867476,2039791738,463285890,578271,0,2503655899,3,33.105912000000004,0,3,8.915999999997704e-06,False
d08,43,False,ample,missing,high,mechanism_aware_local_incremental_cost,restart-restart-restart,6,3,634.3175256292848,281.70308559867476,2039791738,463285890,578271,0,2503655899,3,33.105912000000004,0,3,8.709000000002576e-06,False
d08,43,False,ample,missing,high,offline_exact_enumeration,restart-restart-restart,6,3,634.3175256292848,281.70308559867476,2039791738,463285890,578271,0,2503655899,3,33.105912000000004,0,3,8.667000000003866e-06,True
