split,method,stratum,value,original_completion,candidate_completion,delta
regression,sa_ghmappo,handoff_pressure,high,0.9166666666666666,0.7916666666666666,-0.125
frozen_check,sa_ghmappo,handoff_pressure,high,0.9166666666666666,0.8333333333333334,-0.08333333333333326
regression,sa_ghmappo,link_error_class,matched,1.0,0.8,-0.19999999999999996
frozen_check,sa_ghmappo,link_error_class,matched,1.0,0.7777777777777778,-0.2222222222222222
regression,sa_ghmappo,link_error_class,optimistic,0.7777777777777778,0.6666666666666666,-0.11111111111111116
regression,sa_ghmappo,capacity,ample,0.9047619047619048,0.7619047619047619,-0.1428571428571429
frozen_check,sa_ghmappo,capacity,ample,0.8666666666666667,0.7333333333333333,-0.13333333333333341
regression,sa_ghmappo,sharing,shared_base,0.9047619047619048,0.7142857142857143,-0.19047619047619047
frozen_check,sa_ghmappo,sharing,shared_base,0.8666666666666667,0.7333333333333333,-0.13333333333333341
regression,sa_ghmappo,topology_class,branching,0.8888888888888888,0.7222222222222222,-0.16666666666666663
frozen_check,sa_ghmappo,topology_class,branching,0.8333333333333334,0.6666666666666666,-0.16666666666666674
regression,mappo,handoff_pressure,high,0.9583333333333334,0.875,-0.08333333333333337
frozen_check,mappo,handoff_pressure,high,0.9583333333333334,0.875,-0.08333333333333337
regression,mappo,handoff_pressure,low,1.0,0.75,-0.25
regression,mappo,link_error_class,optimistic,0.8888888888888888,0.6666666666666666,-0.2222222222222222
frozen_check,mappo,link_error_class,optimistic,0.8333333333333334,0.5,-0.33333333333333337
regression,mappo,link_error_class,pessimistic,1.0,0.6666666666666666,-0.33333333333333337
regression,mappo,capacity,ample,0.9523809523809523,0.8571428571428571,-0.09523809523809523
frozen_check,mappo,capacity,ample,0.9333333333333333,0.8,-0.1333333333333333
regression,mappo,capacity,tight,1.0,0.8,-0.19999999999999996
regression,mappo,sharing,distinct_base,1.0,0.8,-0.19999999999999996
regression,mappo,sharing,shared_base,0.9523809523809523,0.8571428571428571,-0.09523809523809523
frozen_check,mappo,sharing,shared_base,0.9333333333333333,0.8,-0.1333333333333333
regression,mappo,topology_class,branching,0.9444444444444444,0.8333333333333334,-0.11111111111111105
frozen_check,mappo,topology_class,branching,0.9166666666666666,0.75,-0.16666666666666663
regression,mappo,topology_class,simple,1.0,0.8333333333333334,-0.16666666666666663
regression,ppo,handoff_pressure,high,1.0,0.9583333333333334,-0.04166666666666663
frozen_check,ppo,handoff_pressure,high,1.0,0.9583333333333334,-0.04166666666666663
regression,ppo,handoff_pressure,low,1.0,0.9166666666666666,-0.08333333333333337
regression,ppo,link_error_class,optimistic,1.0,0.8888888888888888,-0.11111111111111116
frozen_check,ppo,link_error_class,optimistic,1.0,0.8333333333333334,-0.16666666666666663
regression,ppo,link_error_class,pessimistic,1.0,0.8888888888888888,-0.11111111111111116
regression,ppo,capacity,ample,1.0,0.9523809523809523,-0.04761904761904767
frozen_check,ppo,capacity,ample,1.0,0.9333333333333333,-0.06666666666666665
regression,ppo,capacity,tight,1.0,0.9333333333333333,-0.06666666666666665
regression,ppo,sharing,distinct_base,1.0,0.9333333333333333,-0.06666666666666665
regression,ppo,sharing,shared_base,1.0,0.9523809523809523,-0.04761904761904767
frozen_check,ppo,sharing,shared_base,1.0,0.9333333333333333,-0.06666666666666665
regression,ppo,topology_class,branching,1.0,0.9444444444444444,-0.05555555555555558
frozen_check,ppo,topology_class,branching,1.0,0.9166666666666666,-0.08333333333333337
regression,ppo,topology_class,simple,1.0,0.9444444444444444,-0.05555555555555558
