split,reward_arm,method,seed,episode_n,on_time_workflow_completion_rate,workflow_completion_rate,service_failure_rate,invalid_prepare_attempts
frozen_check,original_reward_v1,mappo,17,8,0.25,1.0,0.25,2.5
frozen_check,original_reward_v1,mappo,29,8,0.25,0.875,0.625,2.375
frozen_check,original_reward_v1,mappo,7,8,0.375,1.0,0.125,1.75
frozen_check,original_reward_v1,ppo,17,8,0.0,1.0,0.0,0.0
frozen_check,original_reward_v1,ppo,29,8,0.0,1.0,0.0,0.0
frozen_check,original_reward_v1,ppo,7,8,0.0,1.0,0.0,0.0
frozen_check,original_reward_v1,sa_ghmappo,17,8,0.125,0.875,0.875,5.625
frozen_check,original_reward_v1,sa_ghmappo,29,8,0.25,0.875,0.875,6.625
frozen_check,original_reward_v1,sa_ghmappo,7,8,0.125,1.0,0.375,1.125
frozen_check,service_aligned_v1,mappo,17,8,0.25,0.875,0.875,6.625
frozen_check,service_aligned_v1,mappo,29,8,0.25,0.875,0.75,2.625
frozen_check,service_aligned_v1,mappo,7,8,0.25,0.875,0.875,6.625
frozen_check,service_aligned_v1,ppo,17,8,0.0,1.0,0.0,0.0
frozen_check,service_aligned_v1,ppo,29,8,0.25,0.875,0.75,2.625
frozen_check,service_aligned_v1,ppo,7,8,0.125,1.0,0.25,2.125
frozen_check,service_aligned_v1,sa_ghmappo,17,8,0.125,0.75,1.0,3.625
frozen_check,service_aligned_v1,sa_ghmappo,29,8,0.25,0.875,0.875,6.625
frozen_check,service_aligned_v1,sa_ghmappo,7,8,0.125,0.875,0.375,0.0
regression,original_reward_v1,mappo,17,12,0.5833333333333334,1.0,0.25,1.9166666666666667
regression,original_reward_v1,mappo,29,12,0.5833333333333334,0.9166666666666666,0.6666666666666666,1.75
regression,original_reward_v1,mappo,7,12,0.5,1.0,0.25,1.6666666666666667
regression,original_reward_v1,ppo,17,12,0.25,1.0,0.0,0.0
regression,original_reward_v1,ppo,29,12,0.16666666666666666,1.0,0.0,0.0
regression,original_reward_v1,ppo,7,12,0.25,1.0,0.0,0.0
regression,original_reward_v1,sa_ghmappo,17,12,0.4166666666666667,0.8333333333333334,0.6666666666666666,4.666666666666667
regression,original_reward_v1,sa_ghmappo,29,12,0.4166666666666667,0.8333333333333334,0.6666666666666666,5.25
regression,original_reward_v1,sa_ghmappo,7,12,0.4166666666666667,1.0,0.5,1.4166666666666667
regression,service_aligned_v1,mappo,17,12,0.4166666666666667,0.8333333333333334,0.6666666666666666,5.25
regression,service_aligned_v1,mappo,29,12,0.4166666666666667,0.8333333333333334,0.75,2.5
regression,service_aligned_v1,mappo,7,12,0.4166666666666667,0.8333333333333334,0.6666666666666666,5.25
regression,service_aligned_v1,ppo,17,12,0.25,1.0,0.0,0.0
regression,service_aligned_v1,ppo,29,12,0.4166666666666667,0.8333333333333334,0.75,2.5
regression,service_aligned_v1,ppo,7,12,0.5833333333333334,1.0,0.16666666666666666,1.6666666666666667
regression,service_aligned_v1,sa_ghmappo,17,12,0.25,0.75,0.6666666666666666,2.4166666666666665
regression,service_aligned_v1,sa_ghmappo,29,12,0.4166666666666667,0.8333333333333334,0.6666666666666666,5.25
regression,service_aligned_v1,sa_ghmappo,7,12,0.5,0.8333333333333334,0.3333333333333333,0.0
