split,reward_arm,method,episode_n,source_window_n,completed_elapsed_seconds,completed_elapsed_coverage,current_missing_action4_rate,on_time_workflow_completion_rate,workflow_completion_rate,unfinished_after_deadline_rate,service_failure_rate,failed_service_attempt_seconds_proxy,total_transfer_mb,model_prepare_mb,recompute_seconds,invalid_prepare_attempts,max_consecutive_no_progress_steps
frozen_check,original_reward_v1,mappo,24,8,91.42250429718892,23/24,0.31746031746031744,0.2916666666666667,0.9583333333333334,0.25,0.3333333333333333,2.5833333333333335,896.4019664583334,895.5025316666666,41.83049855613938,2.2083333333333335,0.75
frozen_check,original_reward_v1,ppo,24,8,107.70189752629683,24/24,0.0,0.0,1.0,0.6666666666666666,0.0,0.0,676.4103954583334,674.8634293333333,46.43659593029684,0.0,0.0
frozen_check,original_reward_v1,sa_ghmappo,24,8,95.83057352283434,22/24,0.7738095238095238,0.16666666666666666,0.9166666666666666,0.375,0.7083333333333334,5.833333333333333,573.5731886250001,572.5820050000001,47.62851063893148,4.458333333333333,1.5833333333333333
frozen_check,original_reward_v1,two_step_cost_rule,8,8,51.667736182395586,8/8,0.0,0.625,1.0,0.25,0.0,0.0,65.028221875,63.935002,2.4276452083955835,0.0,0.0
frozen_check,service_aligned_v1,mappo,24,8,87.17233854641132,21/24,0.8282828282828283,0.25,0.875,0.3333333333333333,0.8333333333333334,8.0,566.1392315416666,565.273044,40.70230782410991,5.291666666666667,1.9583333333333333
frozen_check,service_aligned_v1,ppo,24,8,111.88435422878194,23/24,0.3076923076923077,0.125,0.9583333333333334,0.375,0.3333333333333333,2.8333333333333335,894.7888734583333,893.895541,61.14831718991602,1.5833333333333333,0.7083333333333334
frozen_check,service_aligned_v1,sa_ghmappo,24,8,93.48965601210826,20/24,0.424,0.16666666666666666,0.8333333333333334,0.4583333333333333,0.75,9.166666666666666,177.39956379166665,176.337621,42.033970562756885,3.4166666666666665,3.2916666666666665
frozen_check,service_aligned_v1,two_step_cost_rule,8,8,51.667736182395586,8/8,0.0,0.625,1.0,0.25,0.0,0.0,65.028221875,63.935002,2.4276452083955835,0.0,0.0
regression,original_reward_v1,mappo,36,12,69.00917781570259,35/36,0.32941176470588235,0.5555555555555556,0.9722222222222222,0.25,0.3888888888888889,2.4444444444444446,1066.2315493333335,1065.5028333333332,23.05193912922939,1.7777777777777777,0.6944444444444444
regression,original_reward_v1,ppo,36,12,101.32149219042293,36/36,0.0,0.2222222222222222,1.0,0.4444444444444444,0.0,0.0,760.2842410555555,759.2048022222222,42.22007600931181,0.0,0.0
regression,original_reward_v1,sa_ghmappo,36,12,69.78750245799073,32/36,0.7798165137614679,0.4166666666666667,0.8888888888888888,0.3055555555555556,0.6111111111111112,5.111111111111111,714.5845896666666,713.8040437777778,30.56819811671381,3.7777777777777777,1.3888888888888888
regression,original_reward_v1,two_step_cost_rule,12,12,52.29968250176004,12/12,0.0,0.8333333333333334,1.0,0.08333333333333333,0.0,0.0,169.03401008333336,168.22516466666667,4.016104375093375,0.0,0.0
regression,service_aligned_v1,mappo,36,12,63.6660894789901,30/36,0.7985074626865671,0.4166666666666667,0.8333333333333334,0.3333333333333333,0.6944444444444444,6.944444444444445,854.6341566388888,853.9289211111113,27.63987320813037,4.333333333333333,1.6388888888888888
regression,service_aligned_v1,ppo,36,12,82.79525505606738,34/36,0.3373493975903614,0.4166666666666667,0.9444444444444444,0.25,0.3055555555555556,2.5555555555555554,950.9780400277778,950.3116993333335,38.73841815431354,1.3888888888888888,0.6388888888888888
regression,service_aligned_v1,sa_ghmappo,36,12,68.9744042224127,29/36,0.4482758620689655,0.3888888888888889,0.8055555555555556,0.19444444444444445,0.5555555555555556,7.333333333333333,277.47115991666664,276.76371022222224,27.179039635436457,2.5555555555555554,2.4166666666666665
regression,service_aligned_v1,two_step_cost_rule,12,12,52.29968250176004,12/12,0.0,0.8333333333333334,1.0,0.08333333333333333,0.0,0.0,169.03401008333336,168.22516466666667,4.016104375093375,0.0,0.0
