source_id,stratum,view,split,seed,design_id,first_divergence_step,candidate_action,control_action,branch_action,snapshot_sha256,candidate_checkpoint_sha256,old_checkpoint_sha256,branch_path,workflow_completed,on_time_workflow_completed,deadline_missed,service_failures,elapsed_seconds,model_transfer_bytes,state_transfer_bytes,input_transfer_bytes,recompute_seconds,ending_step_index,public_state_sha256,first_service_completed,first_step_cost_seconds,first_model_transfer_bytes,first_state_transfer_bytes,first_input_transfer_bytes,first_recompute_seconds,first_target_prepare_committed,first_cache_reasons,first_state_transfer_status
selected_frozen_check_seed17_frozen_check_02_step1,selected_on_time_up_17,selected,frozen_check,17,frozen_check_02,1,3,1,1,560e33fae7311c21ebc38577ec13631a2815002c9528d68da9b40557388eb781,b4d1d6f42ce45d8e049de9873bd1bf05fb4f5be190fe494a6f2ab6bfedbdda5c,60553b0cbe930355a6abeebb05dde54faaed3b0722169d912c263c72714d80b5,branches/selected_frozen_check_seed17_frozen_check_02_step1_a1.json,True,True,False,0,37.16117641358233,0,2744,1137266,4.315814333582334,5,5170469ff53e0bdf102582b3b324588f420c0a781075118eb96a7b108795951d,True,1.522894,0,0,0,0.0,False,"[""contact_budget_exceeded""]",none
selected_frozen_check_seed17_frozen_check_02_step1,selected_on_time_up_17,selected,frozen_check,17,frozen_check_02,1,3,1,2,560e33fae7311c21ebc38577ec13631a2815002c9528d68da9b40557388eb781,b4d1d6f42ce45d8e049de9873bd1bf05fb4f5be190fe494a6f2ab6bfedbdda5c,60553b0cbe930355a6abeebb05dde54faaed3b0722169d912c263c72714d80b5,branches/selected_frozen_check_seed17_frozen_check_02_step1_a2.json,True,False,True,0,45.183489493582336,0,2744,1426401,4.315814333582334,5,5170469ff53e0bdf102582b3b324588f420c0a781075118eb96a7b108795951d,True,9.54520708,0,0,289135,0.0,False,[],none
selected_frozen_check_seed17_frozen_check_02_step1,selected_on_time_up_17,selected,frozen_check,17,frozen_check_02,1,3,1,3,560e33fae7311c21ebc38577ec13631a2815002c9528d68da9b40557388eb781,b4d1d6f42ce45d8e049de9873bd1bf05fb4f5be190fe494a6f2ab6bfedbdda5c,60553b0cbe930355a6abeebb05dde54faaed3b0722169d912c263c72714d80b5,branches/selected_frozen_check_seed17_frozen_check_02_step1_a3.json,True,True,False,0,37.16117641358233,0,2744,1137266,4.315814333582334,5,5170469ff53e0bdf102582b3b324588f420c0a781075118eb96a7b108795951d,True,1.522894,0,0,0,0.0,False,[],none
selected_regression_seed17_regression_11_step1,selected_on_time_down_17,selected,regression,17,regression_11,1,2,4,2,e319219e9bb03044950d5a47712ee94f40c496befbbb9e390ed784a789db354d,b4d1d6f42ce45d8e049de9873bd1bf05fb4f5be190fe494a6f2ab6bfedbdda5c,60553b0cbe930355a6abeebb05dde54faaed3b0722169d912c263c72714d80b5,branches/selected_regression_seed17_regression_11_step1_a2.json,True,False,True,0,42.134728767999995,0,351200,578271,10.789533,5,b0ab34a072de89d38a2a469298629a67a0ac0317270b66813c085d649ee54394,True,11.828776055999999,0,0,192757,0.0,False,[],none
selected_regression_seed17_regression_11_step1,selected_on_time_down_17,selected,regression,17,regression_11,1,2,4,4,e319219e9bb03044950d5a47712ee94f40c496befbbb9e390ed784a789db354d,b4d1d6f42ce45d8e049de9873bd1bf05fb4f5be190fe494a6f2ab6bfedbdda5c,60553b0cbe930355a6abeebb05dde54faaed3b0722169d912c263c72714d80b5,branches/selected_regression_seed17_regression_11_step1_a4.json,True,True,False,1,36.113186711999994,0,351200,385514,10.789533,6,b0ab34a072de89d38a2a469298629a67a0ac0317270b66813c085d649ee54394,False,2.0,0,0,0,0.0,True,"[""noop_all_resident""]",staged_pending_current_node_completion
selected_regression_seed29_regression_00_step2,selected_neutral_model_up_29,selected,regression,29,regression_00,2,0,4,0,924f949f387ff49b8fefc9e7d180c89aa89207b2c8b03c3914ed9c2171d6d4c7,787e20a6ab10e036b545e484cda8a3c6630090cdd9d3e1a45e15f13410c390eb,143572731acc01b3cc3a7c300052c1669ef501ba734aae1a9dc1fedccbc9d4e5,branches/selected_regression_seed29_regression_00_step2_a0.json,True,True,False,0,27.821693139164662,318488808,0,375876,8.631628667164668,5,f9878952cffd3ce6357fae1fb2d59ba5a14e297661d6339c05c05472ced06460,True,3.489456456,154423432,0,0,0.0,True,"[""committed""]",none
selected_regression_seed29_regression_00_step2,selected_neutral_model_up_29,selected,regression,29,regression_00,2,0,4,2,924f949f387ff49b8fefc9e7d180c89aa89207b2c8b03c3914ed9c2171d6d4c7,787e20a6ab10e036b545e484cda8a3c6630090cdd9d3e1a45e15f13410c390eb,143572731acc01b3cc3a7c300052c1669ef501ba734aae1a9dc1fedccbc9d4e5,branches/selected_regression_seed29_regression_00_step2_a2.json,True,True,False,0,33.87667273916466,164065376,0,568633,8.631628667164668,5,f9878952cffd3ce6357fae1fb2d59ba5a14e297661d6339c05c05472ced06460,True,9.544436056,0,0,192757,0.0,False,[],none
selected_regression_seed29_regression_00_step2,selected_neutral_model_up_29,selected,regression,29,regression_00,2,0,4,4,924f949f387ff49b8fefc9e7d180c89aa89207b2c8b03c3914ed9c2171d6d4c7,787e20a6ab10e036b545e484cda8a3c6630090cdd9d3e1a45e15f13410c390eb,143572731acc01b3cc3a7c300052c1669ef501ba734aae1a9dc1fedccbc9d4e5,branches/selected_regression_seed29_regression_00_step2_a4.json,True,False,True,2,69.39435397365024,164065376,6036,568633,48.100437613650236,7,f9878952cffd3ce6357fae1fb2d59ba5a14e297661d6339c05c05472ced06460,False,2.0,0,0,0,0.0,True,"[""noop_all_resident""]",staged_pending_current_node_completion
selected_regression_seed29_regression_05_step0,selected_on_time_up_29,selected,regression,29,regression_05,0,0,2,0,b813bd372461beadedecb6b930372e60cc08620627c59278e885c0500615a8bc,787e20a6ab10e036b545e484cda8a3c6630090cdd9d3e1a45e15f13410c390eb,143572731acc01b3cc3a7c300052c1669ef501ba734aae1a9dc1fedccbc9d4e5,branches/selected_regression_seed29_regression_05_step0_a0.json,True,True,False,0,30.609580157773905,19283888,6585,289135,10.628496293773907,5,1437fb021f214b36fd4676fb0958401a029c24c12f87814ccb74cd6a3cafd33c,True,4.192953552,9641944,0,0,0.0,True,"[""committed""]",none
selected_regression_seed29_regression_05_step0,selected_on_time_up_29,selected,regression,29,regression_05,0,0,2,2,b813bd372461beadedecb6b930372e60cc08620627c59278e885c0500615a8bc,787e20a6ab10e036b545e484cda8a3c6630090cdd9d3e1a45e15f13410c390eb,143572731acc01b3cc3a7c300052c1669ef501ba734aae1a9dc1fedccbc9d4e5,branches/selected_regression_seed29_regression_05_step0_a2.json,True,True,False,0,38.632587165773906,19283888,6585,665011,10.628496293773907,5,1437fb021f214b36fd4676fb0958401a029c24c12f87814ccb74cd6a3cafd33c,True,11.830241008,0,0,375876,0.0,False,[],none
selected_regression_seed43_regression_00_step1,selected_neutral_model_up_43,selected,regression,43,regression_00,1,0,3,0,5b88f0a57e207054d08eda8e01023ae116d5d43470a3e58758b7705cc17a48cf,952c6da3ce11f366f77447b0eac59cc881d5910fe0b8a0bcafb14dc043d4eed7,10e98fe428a86ff4b83d7585e61a1cde53e1befbb326df8c11bd1c244cdf3d46,branches/selected_regression_seed43_regression_00_step1_a0.json,True,True,False,0,48.530097291164665,9641944,0,944509,8.631628667164668,5,35853d1169b90d9acca6796b4983bb85d2ccad1ae88c771cff4390eef613a210,True,8.59698,0,0,0,0.0,False,[],none
selected_regression_seed43_regression_00_step1,selected_neutral_model_up_43,selected,regression,43,regression_00,1,0,3,2,5b88f0a57e207054d08eda8e01023ae116d5d43470a3e58758b7705cc17a48cf,952c6da3ce11f366f77447b0eac59cc881d5910fe0b8a0bcafb14dc043d4eed7,10e98fe428a86ff4b83d7585e61a1cde53e1befbb326df8c11bd1c244cdf3d46,branches/selected_regression_seed43_regression_00_step1_a2.json,True,True,False,0,56.55464635516467,9641944,0,1513142,8.631628667164668,5,35853d1169b90d9acca6796b4983bb85d2ccad1ae88c771cff4390eef613a210,True,16.621529064,0,0,568633,0.0,False,[],none
selected_regression_seed43_regression_00_step1,selected_neutral_model_up_43,selected,regression,43,regression_00,1,0,3,3,5b88f0a57e207054d08eda8e01023ae116d5d43470a3e58758b7705cc17a48cf,952c6da3ce11f366f77447b0eac59cc881d5910fe0b8a0bcafb14dc043d4eed7,10e98fe428a86ff4b83d7585e61a1cde53e1befbb326df8c11bd1c244cdf3d46,branches/selected_regression_seed43_regression_00_step1_a3.json,True,True,False,0,48.530097291164665,9641944,0,944509,8.631628667164668,5,35853d1169b90d9acca6796b4983bb85d2ccad1ae88c771cff4390eef613a210,True,8.59698,0,0,0,0.0,False,[],none
selected_regression_seed7_regression_04_step4,selected_on_time_up_7,selected,regression,7,regression_04,4,2,3,2,af747e3144217390c68a52737cc4937976d12ecf001610f3b58daa4986df60d7,9fdd94cd72227c171b23a686163e47631e46158a0d8dfe791c1dabf2472301fe,6fca5f2dac35671b445fa1439e71585d3625a293dc7a5d6d414cb25a9f247feb,branches/selected_regression_seed7_regression_04_step4_a2.json,True,True,False,0,12.650780280000003,0,0,192757,0.0,5,b6490d0f5d0946a01d9672af9b36f3f67908391a90356aaf74af91fb635d5cd6,True,12.650780280000001,0,0,192757,0.0,False,[],none
selected_regression_seed7_regression_04_step4,selected_on_time_up_7,selected,regression,7,regression_04,4,2,3,3,af747e3144217390c68a52737cc4937976d12ecf001610f3b58daa4986df60d7,9fdd94cd72227c171b23a686163e47631e46158a0d8dfe791c1dabf2472301fe,6fca5f2dac35671b445fa1439e71585d3625a293dc7a5d6d414cb25a9f247feb,branches/selected_regression_seed7_regression_04_step4_a3.json,True,False,True,0,37.73868261358234,0,0,192757,33.08790233358234,5,b6490d0f5d0946a01d9672af9b36f3f67908391a90356aaf74af91fb635d5cd6,True,37.73868261358234,0,0,192757,33.08790233358234,False,[],none
selected_regression_seed7_regression_10_step4,selected_on_time_down_7,selected,regression,7,regression_10,4,2,3,2,0cb5b5139a7c44f84f582b00fb05740e099fa7d53dd2433b2e5005bbce13de0f,9fdd94cd72227c171b23a686163e47631e46158a0d8dfe791c1dabf2472301fe,6fca5f2dac35671b445fa1439e71585d3625a293dc7a5d6d414cb25a9f247feb,branches/selected_regression_seed7_regression_10_step4_a2.json,True,False,True,0,9.545901008000001,0,0,375876,0.0,5,c4b5f106dd1a70e6bc1c68ad2b465afd15d2fd93971c5a9913b2ce57ce8d85bb,True,9.545901008000001,0,0,375876,0.0,False,[],none
selected_regression_seed7_regression_10_step4,selected_on_time_down_7,selected,regression,7,regression_10,4,2,3,3,0cb5b5139a7c44f84f582b00fb05740e099fa7d53dd2433b2e5005bbce13de0f,9fdd94cd72227c171b23a686163e47631e46158a0d8dfe791c1dabf2472301fe,6fca5f2dac35671b445fa1439e71585d3625a293dc7a5d6d414cb25a9f247feb,branches/selected_regression_seed7_regression_10_step4_a3.json,True,True,False,0,1.5228940000000009,0,0,0,0.0,5,c4b5f106dd1a70e6bc1c68ad2b465afd15d2fd93971c5a9913b2ce57ce8d85bb,True,1.522894,0,0,0,0.0,False,[],none
update96_regression_seed17_regression_00_step2,fixed_on_time_down_17,update96,regression,17,regression_00,2,2,4,2,924f949f387ff49b8fefc9e7d180c89aa89207b2c8b03c3914ed9c2171d6d4c7,83e7b349a31711b65529c5b4fde8678fd100dd06723d783f06fb9a8488d9727b,c70c8b78b494ebf4b0b174e042be24e12b0a7ca83d2bc7337efffa933059a589,branches/update96_regression_seed17_regression_00_step2_a2.json,True,False,True,0,74.72483068806791,0,3292,944509,43.784623280067905,5,f9878952cffd3ce6357fae1fb2d59ba5a14e297661d6339c05c05472ced06460,True,9.544436056,0,0,192757,0.0,False,[],none
update96_regression_seed17_regression_00_step2,fixed_on_time_down_17,update96,regression,17,regression_00,2,2,4,4,924f949f387ff49b8fefc9e7d180c89aa89207b2c8b03c3914ed9c2171d6d4c7,83e7b349a31711b65529c5b4fde8678fd100dd06723d783f06fb9a8488d9727b,c70c8b78b494ebf4b0b174e042be24e12b0a7ca83d2bc7337efffa933059a589,branches/update96_regression_seed17_regression_00_step2_a4.json,True,True,False,5,31.611157637582334,164065376,8780,192757,4.315814333582334,10,f9878952cffd3ce6357fae1fb2d59ba5a14e297661d6339c05c05472ced06460,False,2.0,0,0,0,0.0,True,"[""noop_all_resident""]",staged_pending_current_node_completion
update96_regression_seed29_regression_02_step1,fixed_on_time_down_29,update96,regression,29,regression_02,1,0,4,0,29aaa68d8cb2605e01287e7d82471a751434b0230b315596bb6400c88065d9df,ddb08ea56d972aaaa224579d284cd16b4c7633410b534f8a89bec1f6b9c3f10c,e5a075de5f6c52bdd30aa0f5689bd26081b17f69ea9e676e94af92266f375e96,branches/update96_regression_seed29_regression_02_step1_a0.json,True,False,True,1,119.03575016874701,2194117040,10976,472255,66.895108000747,8,635fc674e50fac4e7debd85fdbd4fdd478f0166ac2f606ad3792017bee1dbf4f,True,19.886491112,1169449264,0,0,0.0,True,"[""committed""]",none
update96_regression_seed29_regression_02_step1,fixed_on_time_down_29,update96,regression,29,regression_02,1,0,4,2,29aaa68d8cb2605e01287e7d82471a751434b0230b315596bb6400c88065d9df,ddb08ea56d972aaaa224579d284cd16b4c7633410b534f8a89bec1f6b9c3f10c,e5a075de5f6c52bdd30aa0f5689bd26081b17f69ea9e676e94af92266f375e96,branches/update96_regression_seed29_regression_02_step1_a2.json,True,False,True,1,162.66356243191166,2194117040,8232,1320386,102.50056916791166,8,635fc674e50fac4e7debd85fdbd4fdd478f0166ac2f606ad3792017bee1dbf4f,True,17.54186304,0,0,472255,0.0,False,[],none
update96_regression_seed29_regression_02_step1,fixed_on_time_down_29,update96,regression,29,regression_02,1,0,4,4,29aaa68d8cb2605e01287e7d82471a751434b0230b315596bb6400c88065d9df,ddb08ea56d972aaaa224579d284cd16b4c7633410b534f8a89bec1f6b9c3f10c,e5a075de5f6c52bdd30aa0f5689bd26081b17f69ea9e676e94af92266f375e96,branches/update96_regression_seed29_regression_02_step1_a4.json,True,False,True,1,150.34917504232934,2194117040,10976,944510,98.18475483432934,8,635fc674e50fac4e7debd85fdbd4fdd478f0166ac2f606ad3792017bee1dbf4f,False,2.0,0,0,0,0.0,True,"[""noop_all_resident""]",staged_pending_current_node_completion
update96_regression_seed61_regression_11_step1,fixed_on_time_down_61,update96,regression,61,regression_11,1,2,4,2,e319219e9bb03044950d5a47712ee94f40c496befbbb9e390ed784a789db354d,103397b98f36e41a0d848a1d709cb214407533efd637e3ab2399b8737a1b3af7,d5b18b6ef02b22937bf7a8abf5d48f2b31d917b1e6b795b0551c4b751869d65d,branches/update96_regression_seed61_regression_11_step1_a2.json,True,False,True,0,42.134728767999995,0,351200,578271,10.789533,5,b0ab34a072de89d38a2a469298629a67a0ac0317270b66813c085d649ee54394,True,11.828776055999999,0,0,192757,0.0,False,[],none
update96_regression_seed61_regression_11_step1,fixed_on_time_down_61,update96,regression,61,regression_11,1,2,4,4,e319219e9bb03044950d5a47712ee94f40c496befbbb9e390ed784a789db354d,103397b98f36e41a0d848a1d709cb214407533efd637e3ab2399b8737a1b3af7,d5b18b6ef02b22937bf7a8abf5d48f2b31d917b1e6b795b0551c4b751869d65d,branches/update96_regression_seed61_regression_11_step1_a4.json,True,True,False,1,36.113186711999994,0,351200,385514,10.789533,6,b0ab34a072de89d38a2a469298629a67a0ac0317270b66813c085d649ee54394,False,2.0,0,0,0,0.0,True,"[""noop_all_resident""]",staged_pending_current_node_completion
update96_regression_seed7_regression_00_step2,fixed_on_time_up_7,update96,regression,7,regression_00,2,0,2,0,924f949f387ff49b8fefc9e7d180c89aa89207b2c8b03c3914ed9c2171d6d4c7,8f4703a47f98b51e11a38d90ec6f3019226cb93fcddcc7c2b497a1b0fbcef804,21899b85f8ca9cb06f11b13e5f18db4678e22d8ace64f3814f48b79953ba0203,branches/update96_regression_seed7_regression_00_step2_a0.json,True,True,False,0,33.87813769116467,164065376,0,751752,8.631628667164668,5,f9878952cffd3ce6357fae1fb2d59ba5a14e297661d6339c05c05472ced06460,True,3.489456456,154423432,0,0,0.0,True,"[""committed""]",none
update96_regression_seed7_regression_00_step2,fixed_on_time_up_7,update96,regression,7,regression_00,2,0,2,2,924f949f387ff49b8fefc9e7d180c89aa89207b2c8b03c3914ed9c2171d6d4c7,8f4703a47f98b51e11a38d90ec6f3019226cb93fcddcc7c2b497a1b0fbcef804,21899b85f8ca9cb06f11b13e5f18db4678e22d8ace64f3814f48b79953ba0203,branches/update96_regression_seed7_regression_00_step2_a2.json,True,True,False,0,39.93311729116466,9641944,0,944509,8.631628667164668,5,f9878952cffd3ce6357fae1fb2d59ba5a14e297661d6339c05c05472ced06460,True,9.544436056,0,0,192757,0.0,False,[],none
