source_id,left_action,right_action,left_dominates_right,right_dominates_left,left_service_dominates_right,right_service_dominates_left,left_first_service_completed,right_first_service_completed,left_minus_right_elapsed_seconds,left_minus_right_model_bytes,left_minus_right_recompute_seconds
selected_frozen_check_seed17_frozen_check_02_step1,1,2,True,False,True,False,True,True,-8.022313080000004,0,0.0
selected_frozen_check_seed17_frozen_check_02_step1,1,3,False,False,False,False,True,True,0.0,0,0.0
selected_frozen_check_seed17_frozen_check_02_step1,2,3,False,True,False,True,True,True,8.022313080000004,0,0.0
selected_regression_seed17_regression_11_step1,2,4,False,False,False,False,True,False,6.021542056000001,0,0.0
selected_regression_seed29_regression_00_step2,0,2,False,False,False,False,True,True,-6.054979599999999,154423432,0.0
selected_regression_seed29_regression_00_step2,0,4,False,False,True,False,True,False,-41.572660834485575,154423432,-39.46880894648557
selected_regression_seed29_regression_00_step2,2,4,True,False,True,False,True,False,-35.51768123448558,0,-39.46880894648557
selected_regression_seed29_regression_05_step0,0,2,True,False,False,False,True,True,-8.023007008,0,0.0
selected_regression_seed43_regression_00_step1,0,2,True,False,False,False,True,True,-8.024549064000006,0,0.0
selected_regression_seed43_regression_00_step1,0,3,False,False,False,False,True,True,0.0,0,0.0
selected_regression_seed43_regression_00_step1,2,3,False,True,False,False,True,True,8.024549064000006,0,0.0
selected_regression_seed7_regression_04_step4,2,3,True,False,True,False,True,True,-25.08790233358234,0,-33.08790233358234
selected_regression_seed7_regression_10_step4,2,3,False,True,False,True,True,True,8.023007008,0,0.0
update96_regression_seed17_regression_00_step2,2,4,False,False,False,False,True,False,43.11367305048557,-164065376,39.468808946485574
update96_regression_seed29_regression_02_step1,0,2,False,False,False,False,True,True,-43.62781226316464,0,-35.60546116716466
update96_regression_seed29_regression_02_step1,0,4,True,False,False,False,True,False,-31.31342487358232,0,-31.28964683358234
update96_regression_seed29_regression_02_step1,2,4,False,False,False,False,True,False,12.314387389582322,0,4.315814333582324
update96_regression_seed61_regression_11_step1,2,4,False,False,False,False,True,False,6.021542056000001,0,0.0
update96_regression_seed7_regression_00_step2,0,2,False,False,False,False,True,True,-6.054979599999996,154423432,0.0
