reward_arm,method,seed,checkpoint_episode,state_group,fixed_state_count,action_0_mean_probability,action_1_mean_probability,action_2_mean_probability,action_3_mean_probability,action_4_mean_probability,action_0_argmax_rate,action_1_argmax_rate,action_2_argmax_rate,action_3_argmax_rate,action_4_argmax_rate
original_reward_v1,sa_ghmappo,7,48,all,39,0.13337168193016297,0.0819409558406243,0.06396047493968254,0.17677351985222253,0.5439533667686658,0.0,0.0,0.0,0.0,1.0
original_reward_v1,sa_ghmappo,7,48,current_missing,9,0.13406833757956824,0.03696634040938483,0.06795893319778973,0.18251069883505502,0.5784956879085965,0.0,0.0,0.0,0.0,1.0
original_reward_v1,sa_ghmappo,7,96,all,39,0.146562000306753,0.06665945358765431,0.055949454983839624,0.17138985792795816,0.5594392281312209,0.0,0.0,0.0,0.0,1.0
original_reward_v1,sa_ghmappo,7,96,current_missing,9,0.21622271670235527,0.0293979545434316,0.07098396784729427,0.18114166292879316,0.5022536946667565,0.0,0.0,0.0,0.0,1.0
original_reward_v1,sa_ghmappo,7,144,all,39,0.18289405718827859,0.0604420583217572,0.07883082186946502,0.2089921209292534,0.468840941404685,0.07692307692307693,0.0,0.0,0.0,0.9230769230769231
original_reward_v1,sa_ghmappo,7,144,current_missing,9,0.30204762187268996,0.030148302515347798,0.13747230089373058,0.18340735137462616,0.34692441092597115,0.3333333333333333,0.0,0.0,0.0,0.6666666666666666
original_reward_v1,sa_ghmappo,7,192,all,39,0.13969202014880303,0.06864723716026698,0.04843129198520611,0.30637587454074466,0.4368535631742233,0.02564102564102564,0.0,0.0,0.10256410256410256,0.8717948717948718
original_reward_v1,sa_ghmappo,7,192,current_missing,9,0.17598800443940693,0.031347627441088356,0.08609927114513186,0.27277450925774044,0.43379057778252494,0.1111111111111111,0.0,0.0,0.0,0.8888888888888888
original_reward_v1,sa_ghmappo,17,48,all,38,0.18119242395225324,0.0494139186645809,0.11851620242783897,0.12713003531098366,0.5237474206246828,0.02631578947368421,0.0,0.0,0.0,0.9736842105263158
original_reward_v1,sa_ghmappo,17,48,current_missing,9,0.20327654812071058,0.04056055595477422,0.1382802128791809,0.13388428919845158,0.4839983847406175,0.1111111111111111,0.0,0.0,0.0,0.8888888888888888
original_reward_v1,sa_ghmappo,17,96,all,38,0.17703086529907427,0.05572510785178134,0.19924008062011317,0.2339850177890376,0.3340189245186354,0.0,0.0,0.05263157894736842,0.0,0.9473684210526315
original_reward_v1,sa_ghmappo,17,96,current_missing,9,0.18452434407340157,0.0480162286096149,0.2660067892736859,0.2316495246357388,0.26980311671892804,0.0,0.0,0.2222222222222222,0.0,0.7777777777777778
original_reward_v1,sa_ghmappo,17,144,all,38,0.3107210503597009,0.05056462495734817,0.14222390381129166,0.17901024869398066,0.31748017002093165,0.4473684210526316,0.0,0.02631578947368421,0.0,0.5263157894736842
original_reward_v1,sa_ghmappo,17,144,current_missing,9,0.28500496513313717,0.054562893178727895,0.19314421051078373,0.15196309900946087,0.3153248445855247,0.1111111111111111,0.0,0.1111111111111111,0.0,0.7777777777777778
original_reward_v1,sa_ghmappo,17,192,all,38,0.25328641737762253,0.051827368375502135,0.18654230040939232,0.25531267453181117,0.25303124636411667,0.07894736842105263,0.0,0.10526315789473684,0.3684210526315789,0.4473684210526316
original_reward_v1,sa_ghmappo,17,192,current_missing,9,0.25367697411113316,0.05962496664788988,0.22857284877035353,0.19425059689415825,0.2638746284776264,0.0,0.0,0.4444444444444444,0.0,0.5555555555555556
original_reward_v1,sa_ghmappo,29,48,all,38,0.17024869628642736,0.056807405070254675,0.055519087534201775,0.10548897107180796,0.6119358367041537,0.02631578947368421,0.0,0.0,0.0,0.9736842105263158
original_reward_v1,sa_ghmappo,29,48,current_missing,9,0.2087504549158944,0.04733769761191474,0.06502917201982604,0.11542902555730608,0.5634536412027147,0.1111111111111111,0.0,0.0,0.0,0.8888888888888888
original_reward_v1,sa_ghmappo,29,96,all,38,0.281987297691797,0.05427128703970658,0.08247504324505203,0.12428549363424904,0.4569808903493379,0.21052631578947367,0.0,0.0,0.0,0.7894736842105263
original_reward_v1,sa_ghmappo,29,96,current_missing,9,0.42800794707404244,0.03696194373899036,0.10110679268836975,0.12499772508939107,0.30892560879389447,0.8888888888888888,0.0,0.0,0.0,0.1111111111111111
original_reward_v1,sa_ghmappo,29,144,all,38,0.1248312559174864,0.06337863991135045,0.054121747907055054,0.12638983855906286,0.6312785164306038,0.02631578947368421,0.0,0.0,0.0,0.9736842105263158
original_reward_v1,sa_ghmappo,29,144,current_missing,9,0.25017694797780776,0.031297215157084994,0.07689421085847749,0.10748400621944004,0.5341476003328959,0.1111111111111111,0.0,0.0,0.0,0.8888888888888888
original_reward_v1,sa_ghmappo,29,192,all,38,0.1206467833958174,0.04372176175054751,0.01981177982433062,0.09781215035993802,0.7180075206254658,0.07894736842105263,0.0,0.0,0.0,0.9210526315789473
original_reward_v1,sa_ghmappo,29,192,current_missing,9,0.3316626267300712,0.03366493350929684,0.045483742737107806,0.08216511747903293,0.5070235795444913,0.3333333333333333,0.0,0.0,0.0,0.6666666666666666
original_reward_v1,mappo,7,48,all,38,0.2160489916017181,0.08347889741784648,0.10692246415113148,0.06668407146475817,0.5268655591889432,0.02631578947368421,0.0,0.0,0.0,0.9736842105263158
original_reward_v1,mappo,7,48,current_missing,9,0.24647001259856754,0.06471675634384155,0.12918036017152998,0.0693790324860149,0.49025383591651917,0.1111111111111111,0.0,0.0,0.0,0.8888888888888888
original_reward_v1,mappo,7,96,all,38,0.21183589924322932,0.0685510811837096,0.0975099278515891,0.07772185173081725,0.5443812349909231,0.02631578947368421,0.0,0.0,0.0,0.9736842105263158
original_reward_v1,mappo,7,96,current_missing,9,0.2421470946735806,0.05362125403351254,0.13196653955512577,0.07686584153109127,0.49539927972687614,0.1111111111111111,0.0,0.0,0.0,0.8888888888888888
original_reward_v1,mappo,7,144,all,38,0.19692623850546384,0.05767964101151416,0.07411253501318003,0.07004249546872943,0.601239097745795,0.02631578947368421,0.0,0.0,0.0,0.9736842105263158
original_reward_v1,mappo,7,144,current_missing,9,0.23457606302367318,0.050673648715019226,0.1280562397506502,0.06920728708306949,0.5174867908159891,0.1111111111111111,0.0,0.0,0.0,0.8888888888888888
original_reward_v1,mappo,7,192,all,38,0.20233044381204404,0.062416110775972665,0.0819757456254018,0.07828319925618799,0.5749944973933069,0.02631578947368421,0.0,0.0,0.0,0.9736842105263158
original_reward_v1,mappo,7,192,current_missing,9,0.23844747410880196,0.05591514375474718,0.16121432930231094,0.06584938656952646,0.47857367661264205,0.1111111111111111,0.0,0.0,0.0,0.8888888888888888
original_reward_v1,mappo,17,48,all,38,0.18788995319291166,0.05158519215489689,0.07119725654391866,0.07888912350723618,0.6104384676406258,0.02631578947368421,0.0,0.0,0.0,0.9736842105263158
original_reward_v1,mappo,17,48,current_missing,9,0.23433318071895176,0.04233900871541765,0.08971677472194035,0.09039097196525997,0.5432200762960646,0.1111111111111111,0.0,0.0,0.0,0.8888888888888888
original_reward_v1,mappo,17,96,all,38,0.20676111037793912,0.0490239101805185,0.10316269433027819,0.06651871220061653,0.5745335801651603,0.02631578947368421,0.0,0.0,0.0,0.9736842105263158
original_reward_v1,mappo,17,96,current_missing,9,0.27943137950367397,0.04117227594057719,0.14206554657883114,0.06061694398522377,0.4767138693067763,0.1111111111111111,0.0,0.0,0.0,0.8888888888888888
original_reward_v1,mappo,17,144,all,38,0.17169128515218435,0.04894843403446047,0.07551360071489685,0.07139631027453824,0.6324503649222223,0.02631578947368421,0.0,0.0,0.0,0.9736842105263158
original_reward_v1,mappo,17,144,current_missing,9,0.28281484213140273,0.04148180368873808,0.131123854054345,0.05978224343723721,0.48479724923769635,0.1111111111111111,0.0,0.0,0.0,0.8888888888888888
original_reward_v1,mappo,17,192,all,38,0.1785273026478918,0.05064231118089274,0.06027114690330468,0.07735111907516655,0.6332081352409563,0.07894736842105263,0.0,0.0,0.0,0.9210526315789473
original_reward_v1,mappo,17,192,current_missing,9,0.3407812631792492,0.03971322708659702,0.149349188639058,0.05289709526631567,0.41725922955407035,0.3333333333333333,0.0,0.0,0.0,0.6666666666666666
original_reward_v1,mappo,29,48,all,34,0.19360394206117182,0.07133835378815145,0.09620784091598847,0.0751106210929506,0.5637392419226029,0.0,0.0,0.0,0.0,1.0
original_reward_v1,mappo,29,48,current_missing,5,0.20858343541622162,0.03666791021823883,0.10485709458589554,0.07695135474205017,0.572940194606781,0.0,0.0,0.0,0.0,1.0
original_reward_v1,mappo,29,96,all,34,0.1932466222959406,0.07407922779812533,0.10350753454601064,0.08486888689153335,0.5442977547645569,0.0,0.0,0.0,0.0,1.0
original_reward_v1,mappo,29,96,current_missing,5,0.21797715425491332,0.038137757778167726,0.12359506040811538,0.08697547912597656,0.5333145916461944,0.0,0.0,0.0,0.0,1.0
original_reward_v1,mappo,29,144,all,34,0.22256105042555752,0.06680305170662262,0.047750520793830645,0.06499816422515056,0.5978872171219658,0.0,0.0,0.0,0.0,1.0
original_reward_v1,mappo,29,144,current_missing,5,0.2551941931247711,0.03687619864940643,0.07440354824066162,0.07490689679980278,0.5586191594600678,0.0,0.0,0.0,0.0,1.0
original_reward_v1,mappo,29,192,all,34,0.24072930129135356,0.07086812091224334,0.05463144665255266,0.06348515992217205,0.5702859584022971,0.0,0.0,0.0,0.0,1.0
original_reward_v1,mappo,29,192,current_missing,5,0.30859758257865905,0.04197904765605927,0.11459728479385375,0.09188847243785858,0.442937570810318,0.0,0.0,0.0,0.0,1.0
original_reward_v1,ppo,7,48,all,31,0.2376787119334744,0.09506656469837312,0.2483970066232066,0.19775314773282698,0.22110458920078893,0.0,0.06451612903225806,0.9354838709677419,0.0,0.0
original_reward_v1,ppo,7,48,current_missing,8,0.2534463983029127,0.026938633993268013,0.2681807540357113,0.21244080550968647,0.2389934230595827,0.0,0.125,0.875,0.0,0.0
original_reward_v1,ppo,7,96,all,31,0.2713121853528484,0.08511123974477092,0.2596277238861207,0.18392620740398283,0.20002264745773807,1.0,0.0,0.0,0.0,0.0
original_reward_v1,ppo,7,96,current_missing,8,0.3018282987177372,0.023640068247914314,0.2922853399068117,0.19046145677566528,0.19178487360477448,1.0,0.0,0.0,0.0,0.0
original_reward_v1,ppo,7,144,all,31,0.31113731764977975,0.08029007815545605,0.2980111914296304,0.14222311685162206,0.168338303123751,0.7741935483870968,0.0,0.22580645161290322,0.0,0.0
original_reward_v1,ppo,7,144,current_missing,8,0.3625425547361374,0.020455986261367798,0.3344825804233551,0.13954254798591137,0.14297633804380894,1.0,0.0,0.0,0.0,0.0
original_reward_v1,ppo,7,192,all,31,0.26767151778744114,0.08020779682743934,0.3115306217824259,0.12092575046323961,0.2196643179462802,0.0,0.0,0.8709677419354839,0.0,0.12903225806451613
original_reward_v1,ppo,7,192,current_missing,8,0.3278677798807621,0.018748970702290535,0.3809073343873024,0.107594208791852,0.16488171368837357,0.0,0.0,1.0,0.0,0.0
original_reward_v1,ppo,17,48,all,30,0.2617532998323441,0.07117146452267965,0.20071974098682405,0.23596119036277136,0.2303943042953809,1.0,0.0,0.0,0.0,0.0
original_reward_v1,ppo,17,48,current_missing,4,0.26740066707134247,0.03979971632361412,0.21623916178941727,0.23990189284086227,0.23665857315063477,1.0,0.0,0.0,0.0,0.0
original_reward_v1,ppo,17,96,all,30,0.28488683005174004,0.07198752214511235,0.21612561444441478,0.20555079728364944,0.22144922316074372,1.0,0.0,0.0,0.0,0.0
original_reward_v1,ppo,17,96,current_missing,4,0.28814197331666946,0.04010985791683197,0.23623371496796608,0.2100418247282505,0.22547262534499168,1.0,0.0,0.0,0.0,0.0
original_reward_v1,ppo,17,144,all,30,0.3348335395256678,0.06710518101851146,0.20379542509714763,0.16731033772230147,0.2269555076956749,1.0,0.0,0.0,0.0,0.0
original_reward_v1,ppo,17,144,current_missing,4,0.35275889933109283,0.03586908057332039,0.22863904014229774,0.16702095046639442,0.2157120183110237,1.0,0.0,0.0,0.0,0.0
original_reward_v1,ppo,17,192,all,30,0.3597484101851781,0.05850939353307088,0.2117888107895851,0.15180624624093372,0.2181471362709999,1.0,0.0,0.0,0.0,0.0
original_reward_v1,ppo,17,192,current_missing,4,0.38941629230976105,0.028784295544028282,0.2398071475327015,0.14412954822182655,0.19786275550723076,1.0,0.0,0.0,0.0,0.0
original_reward_v1,ppo,29,48,all,39,0.21519015041681436,0.10260423330160287,0.20892518414900854,0.26121196380028355,0.2120684645114801,0.0,0.41025641025641024,0.0,0.5897435897435898,0.0
original_reward_v1,ppo,29,48,current_missing,10,0.2391698330640793,0.07449601888656616,0.22718030959367752,0.2807865545153618,0.17836728692054749,0.0,0.3,0.0,0.7,0.0
original_reward_v1,ppo,29,96,all,39,0.23301220207642287,0.0925092616906533,0.2511220937355971,0.2262841998002468,0.19707223581962097,0.0,0.41025641025641024,0.5897435897435898,0.0,0.0
original_reward_v1,ppo,29,96,current_missing,10,0.25676070898771286,0.06678908616304398,0.2685787662863731,0.24513771533966064,0.1627337157726288,0.0,0.3,0.7,0.0,0.0
original_reward_v1,ppo,29,144,all,39,0.2501242336554405,0.08729324470727871,0.24834983738569114,0.2210205185871858,0.19321216146151224,0.5897435897435898,0.2564102564102564,0.15384615384615385,0.0,0.0
original_reward_v1,ppo,29,144,current_missing,10,0.2771319642663002,0.06167149394750595,0.27001204043626786,0.235951167345047,0.15523334294557573,1.0,0.0,0.0,0.0,0.0
original_reward_v1,ppo,29,192,all,39,0.24194059654688224,0.08875245161545582,0.25059423118065566,0.21337599670275664,0.20533670370395368,0.05128205128205128,0.23076923076923078,0.6923076923076923,0.0,0.02564102564102564
original_reward_v1,ppo,29,192,current_missing,10,0.27882202714681625,0.0625437393784523,0.2856346398591995,0.21541593223810196,0.15758365541696548,0.2,0.0,0.8,0.0,0.0
service_aligned_v1,sa_ghmappo,7,48,all,36,0.2000459548499849,0.06333608594205645,0.11957463042603599,0.12485601359771357,0.4921873187025388,0.0,0.0,0.0,0.0,1.0
service_aligned_v1,sa_ghmappo,7,48,current_missing,9,0.20217978788746727,0.03145319388972388,0.1236903899245792,0.1260417244500584,0.516634894741906,0.0,0.0,0.0,0.0,1.0
service_aligned_v1,sa_ghmappo,7,96,all,36,0.28468526154756546,0.06421259376737806,0.09674003389146593,0.11498548607859346,0.4393766290611691,0.0,0.0,0.0,0.0,1.0
service_aligned_v1,sa_ghmappo,7,96,current_missing,9,0.2885237733523051,0.03187933067480723,0.10009546412361993,0.11626626468367046,0.46323518951733905,0.0,0.0,0.0,0.0,1.0
service_aligned_v1,sa_ghmappo,7,144,all,36,0.25133932671613163,0.04374807679818736,0.0831413823697302,0.11692426291604836,0.5048469487163756,0.0,0.0,0.0,0.0,1.0
service_aligned_v1,sa_ghmappo,7,144,current_missing,9,0.2512783043914371,0.02175079368882709,0.08464963734149933,0.11724639435609181,0.5250748594601949,0.0,0.0,0.0,0.0,1.0
service_aligned_v1,sa_ghmappo,7,192,all,36,0.2818162954515881,0.040942186696661845,0.11112385636402501,0.15680638866292107,0.40931126723686856,0.0,0.0,0.0,0.0,1.0
service_aligned_v1,sa_ghmappo,7,192,current_missing,9,0.2843450605869293,0.020422866774929896,0.11375534782807033,0.1584135956234402,0.42306313912073773,0.0,0.0,0.0,0.0,1.0
service_aligned_v1,sa_ghmappo,17,48,all,38,0.08060167455359508,0.022424090163488137,0.1297546870222217,0.07861275853295076,0.688606792374661,0.0,0.0,0.02631578947368421,0.0,0.9736842105263158
service_aligned_v1,sa_ghmappo,17,48,current_missing,9,0.10020749188131756,0.018030378139681287,0.15500123798847198,0.09748031447331111,0.6292805737919278,0.0,0.0,0.1111111111111111,0.0,0.8888888888888888
service_aligned_v1,sa_ghmappo,17,96,all,38,0.3477268493489215,0.02421651888442667,0.07416511719164096,0.2883786057171069,0.26551289778006704,1.0,0.0,0.0,0.0,0.0
service_aligned_v1,sa_ghmappo,17,96,current_missing,9,0.3609156873491075,0.01937502125898997,0.07672846813996632,0.29848349425527787,0.24449732899665833,1.0,0.0,0.0,0.0,0.0
service_aligned_v1,sa_ghmappo,17,144,all,38,0.2333689167311317,0.017132542733299106,0.0457936231242983,0.2036484295600339,0.5000564816750979,0.02631578947368421,0.0,0.0,0.0,0.9736842105263158
service_aligned_v1,sa_ghmappo,17,144,current_missing,9,0.25633494555950165,0.013709243386983871,0.050229026625553765,0.22247966958416832,0.4572470751073625,0.1111111111111111,0.0,0.0,0.0,0.8888888888888888
service_aligned_v1,sa_ghmappo,17,192,all,38,0.40998288361649765,0.05435228112496828,0.03171094889311414,0.2586815863063461,0.24527230701948466,1.0,0.0,0.0,0.0,0.0
service_aligned_v1,sa_ghmappo,17,192,current_missing,9,0.4283303949568007,0.0432373798555798,0.03323525107569165,0.26889894074863857,0.22629805737071568,1.0,0.0,0.0,0.0,0.0
service_aligned_v1,sa_ghmappo,29,48,all,38,0.11397028459530127,0.015432486212567278,0.06079833944769282,0.04933394550492889,0.7604649443375436,0.02631578947368421,0.0,0.0,0.0,0.9736842105263158
service_aligned_v1,sa_ghmappo,29,48,current_missing,9,0.14892209238476223,0.012317621873484718,0.07906445405549473,0.06461616398559676,0.6950796710120307,0.1111111111111111,0.0,0.0,0.0,0.8888888888888888
service_aligned_v1,sa_ghmappo,29,96,all,38,0.13461343179407873,0.01057224607977428,0.07244713016246494,0.05141934968138996,0.7309478505661613,0.02631578947368421,0.0,0.0,0.0,0.9736842105263158
service_aligned_v1,sa_ghmappo,29,96,current_missing,9,0.16904695828755698,0.00840837425655789,0.09015356335375044,0.06399209549029668,0.6683990160624186,0.1111111111111111,0.0,0.0,0.0,0.8888888888888888
service_aligned_v1,sa_ghmappo,29,144,all,38,0.3014727344638423,0.022953691353139124,0.10504190917862088,0.04956475410022234,0.5209669235505556,0.02631578947368421,0.0,0.0,0.0,0.9736842105263158
service_aligned_v1,sa_ghmappo,29,144,current_missing,9,0.3324367039733463,0.01810761872265074,0.11592641886737612,0.05487040471699503,0.47865886158413357,0.1111111111111111,0.0,0.0,0.0,0.8888888888888888
service_aligned_v1,sa_ghmappo,29,192,all,38,0.3926016060929549,0.026986931891817795,0.11042132385467228,0.05101468443478409,0.41897545362773697,0.02631578947368421,0.0,0.0,0.0,0.9736842105263158
service_aligned_v1,sa_ghmappo,29,192,current_missing,9,0.41956911153263515,0.021286373337109882,0.11832824597756068,0.054868737856547035,0.3859475188785129,0.1111111111111111,0.0,0.0,0.0,0.8888888888888888
service_aligned_v1,mappo,7,48,all,38,0.16592979313511597,0.0640758354412882,0.03813011748226065,0.08302323030013788,0.6488410234451294,0.02631578947368421,0.0,0.0,0.0,0.9736842105263158
service_aligned_v1,mappo,7,48,current_missing,9,0.20839157700538635,0.05040156841278076,0.05148780635661549,0.09965092606014675,0.5900681349966261,0.1111111111111111,0.0,0.0,0.0,0.8888888888888888
service_aligned_v1,mappo,7,96,all,38,0.20768525294567408,0.08168572932481766,0.04184415014950853,0.10657956784493045,0.5622052973822543,0.02631578947368421,0.0,0.0,0.0,0.9736842105263158
service_aligned_v1,mappo,7,96,current_missing,9,0.24514249795013004,0.0640021347337299,0.05291607272293833,0.12266278018554051,0.5152764982647366,0.1111111111111111,0.0,0.0,0.0,0.8888888888888888
service_aligned_v1,mappo,7,144,all,38,0.3311188322933097,0.0816616753214284,0.08026139163657238,0.0979350377854548,0.4090230637475064,0.02631578947368421,0.0,0.0,0.0,0.9736842105263158
service_aligned_v1,mappo,7,144,current_missing,9,0.36039503415425617,0.06396355397171444,0.09124230676227146,0.10617366433143616,0.3782254523701138,0.1111111111111111,0.0,0.0,0.0,0.8888888888888888
service_aligned_v1,mappo,7,192,all,38,0.33378270582148906,0.08481664132130773,0.08276161355407614,0.06625388807764179,0.4323851411279879,0.02631578947368421,0.0,0.0,0.0,0.9736842105263158
service_aligned_v1,mappo,7,192,current_missing,9,0.3662419120470683,0.06647219922807482,0.09429222345352173,0.07340276572439405,0.399590876367357,0.1111111111111111,0.0,0.0,0.0,0.8888888888888888
service_aligned_v1,mappo,17,48,all,38,0.13047761156370766,0.044262133734790904,0.07444278190010473,0.09785152991351329,0.6529659377901178,0.02631578947368421,0.0,0.0,0.0,0.9736842105263158
service_aligned_v1,mappo,17,48,current_missing,9,0.16475694957706663,0.035643954243924886,0.0905311761630906,0.11568295210599899,0.5933849546644423,0.1111111111111111,0.0,0.0,0.0,0.8888888888888888
service_aligned_v1,mappo,17,96,all,38,0.3499028470955397,0.03800395287965473,0.10920468776633865,0.06637675079860185,0.43651177459641505,0.02631578947368421,0.0,0.0,0.0,0.9736842105263158
service_aligned_v1,mappo,17,96,current_missing,9,0.37756627798080444,0.030496339003245037,0.11796560221248203,0.07291488846143086,0.4010569022761451,0.1111111111111111,0.0,0.0,0.0,0.8888888888888888
service_aligned_v1,mappo,17,144,all,38,0.44424374950559514,0.026794475356214924,0.178116800361558,0.05027966818919307,0.3005652898236325,1.0,0.0,0.0,0.0,0.0
service_aligned_v1,mappo,17,144,current_missing,9,0.4614691866768731,0.021574268738428753,0.18408452636665767,0.05436607739991612,0.27850595116615295,1.0,0.0,0.0,0.0,0.0
service_aligned_v1,mappo,17,192,all,38,0.3262882820869747,0.024830598972345654,0.19222973992950038,0.07620802070749433,0.3804433588918887,0.02631578947368421,0.0,0.0,0.0,0.9736842105263158
service_aligned_v1,mappo,17,192,current_missing,9,0.3473568061987559,0.020035835189951792,0.20076851381195915,0.08206397046645482,0.34977487723032635,0.1111111111111111,0.0,0.0,0.0,0.8888888888888888
service_aligned_v1,mappo,29,48,all,38,0.3010827134314336,0.12536696462254776,0.14715657167528806,0.12115405794037015,0.3052396978202619,0.02631578947368421,0.42105263157894735,0.0,0.0,0.5526315789473685
service_aligned_v1,mappo,29,48,current_missing,9,0.3288041088316176,0.09574258327484131,0.15834228611654705,0.12979918056064182,0.287311851978302,0.1111111111111111,0.3333333333333333,0.0,0.0,0.5555555555555556
service_aligned_v1,mappo,29,96,all,38,0.21930241271069176,0.17522210588580683,0.06842091640359477,0.07013591476961185,0.46691864964209107,0.02631578947368421,0.42105263157894735,0.0,0.0,0.5526315789473685
service_aligned_v1,mappo,29,96,current_missing,9,0.26180995504061383,0.13598847058084276,0.08229606764184104,0.08366437256336212,0.43624112010002136,0.1111111111111111,0.3333333333333333,0.0,0.0,0.5555555555555556
service_aligned_v1,mappo,29,144,all,38,0.17769473791122437,0.17783169134667046,0.11963061929533356,0.2042273345746492,0.32061561157828883,0.02631578947368421,0.42105263157894735,0.0,0.0,0.5526315789473685
service_aligned_v1,mappo,29,144,current_missing,9,0.20388036221265793,0.1383940743075477,0.13410216818253198,0.22142229974269867,0.3022011137670941,0.1111111111111111,0.3333333333333333,0.0,0.0,0.5555555555555556
service_aligned_v1,mappo,29,192,all,38,0.14248341204304443,0.15001540356560758,0.1284945405235416,0.16890425646775648,0.4101023830865559,0.0,0.42105263157894735,0.0,0.02631578947368421,0.5526315789473685
service_aligned_v1,mappo,29,192,current_missing,9,0.16711084461874431,0.11712463034523858,0.14503572632869086,0.18722398413552177,0.38350480794906616,0.0,0.3333333333333333,0.0,0.1111111111111111,0.5555555555555556
service_aligned_v1,ppo,7,48,all,31,0.2695315686925765,0.061397875989637064,0.21007052833034146,0.18590689330331742,0.27309313512617545,0.16129032258064516,0.0,0.0,0.0,0.8387096774193549
service_aligned_v1,ppo,7,48,current_missing,5,0.276931095123291,0.03886379301548004,0.21864843368530273,0.19149388372898102,0.2740628123283386,0.8,0.0,0.0,0.0,0.2
service_aligned_v1,ppo,7,96,all,31,0.2845031926708837,0.0436328524543393,0.2181391365105106,0.11052142876771189,0.3432033869528001,0.0,0.0,0.0,0.0,1.0
service_aligned_v1,ppo,7,96,current_missing,5,0.29057528376579284,0.027318191528320313,0.2247763991355896,0.11340478509664535,0.34392533302307127,0.0,0.0,0.0,0.0,1.0
service_aligned_v1,ppo,7,144,all,31,0.3077888882929279,0.03807109137696604,0.2689702395469912,0.10368238990345309,0.28148739472512274,1.0,0.0,0.0,0.0,0.0
service_aligned_v1,ppo,7,144,current_missing,5,0.3126379132270813,0.023756617307662965,0.27471954226493833,0.10610968619585037,0.28277623653411865,1.0,0.0,0.0,0.0,0.0
service_aligned_v1,ppo,7,192,all,31,0.30546147111923466,0.0341296780013269,0.33212824982981526,0.10949370745689638,0.2187869010433074,0.0,0.0,1.0,0.0,0.0
service_aligned_v1,ppo,7,192,current_missing,5,0.30948935747146605,0.02125220000743866,0.3375194430351257,0.11176461577415467,0.21997435092926027,0.0,0.0,1.0,0.0,0.0
service_aligned_v1,ppo,17,48,all,30,0.4561628798643748,0.050322281569242476,0.12368612190087637,0.12114037970701853,0.24868834068377813,1.0,0.0,0.0,0.0,0.0
service_aligned_v1,ppo,17,48,current_missing,4,0.4671097472310066,0.02952066995203495,0.12830931693315506,0.12480076216161251,0.25025951117277145,1.0,0.0,0.0,0.0,0.0
service_aligned_v1,ppo,17,96,all,30,0.5667071878910065,0.037122031301259996,0.09863853851954142,0.06020575848718484,0.23732648541529974,1.0,0.0,0.0,0.0,0.0
service_aligned_v1,ppo,17,96,current_missing,4,0.5750489681959152,0.022027580067515373,0.10174550861120224,0.062161448411643505,0.23901645094156265,1.0,0.0,0.0,0.0,0.0
service_aligned_v1,ppo,17,144,all,30,0.7608636597792308,0.01533420868217945,0.05357815586030483,0.031869009509682654,0.13835496256748836,1.0,0.0,0.0,0.0,0.0
service_aligned_v1,ppo,17,144,current_missing,4,0.7634819447994232,0.009346905164420605,0.054989198222756386,0.03276719059795141,0.13941475376486778,1.0,0.0,0.0,0.0,0.0
service_aligned_v1,ppo,17,192,all,30,0.7497026840845744,0.01611915652950605,0.07669648006558419,0.043457011505961415,0.11402468259135883,1.0,0.0,0.0,0.0,0.0
service_aligned_v1,ppo,17,192,current_missing,4,0.752127006649971,0.009780415333807468,0.0783525574952364,0.044544706121087074,0.11519531346857548,1.0,0.0,0.0,0.0,0.0
service_aligned_v1,ppo,29,48,all,38,0.2572379033816488,0.10919075263173957,0.17146192138132296,0.18366353841204391,0.2784458779190716,0.02631578947368421,0.42105263157894735,0.0,0.0,0.5526315789473685
service_aligned_v1,ppo,29,48,current_missing,9,0.2773040748304791,0.08602569169468349,0.1849813610315323,0.19916815393500858,0.25252072347535026,0.1111111111111111,0.3333333333333333,0.0,0.0,0.5555555555555556
service_aligned_v1,ppo,29,96,all,38,0.1933779226321923,0.11013170527784448,0.18963727472644104,0.16578286180370733,0.34107022771709844,0.02631578947368421,0.0,0.0,0.0,0.9736842105263158
service_aligned_v1,ppo,29,96,current_missing,9,0.21375787754853567,0.08706636561287774,0.2063661449485355,0.1817991336186727,0.3110104733043247,0.1111111111111111,0.0,0.0,0.0,0.8888888888888888
service_aligned_v1,ppo,29,144,all,38,0.3426085773267244,0.10838244149559423,0.2778044570433466,0.09698150797109854,0.17422301792784742,1.0,0.0,0.0,0.0,0.0
service_aligned_v1,ppo,29,144,current_missing,9,0.35929886831177604,0.08561011486583286,0.28896504475010765,0.1050497508711285,0.16107621788978577,1.0,0.0,0.0,0.0,0.0
service_aligned_v1,ppo,29,192,all,38,0.3747312583421406,0.0807250683244906,0.2455977503406374,0.12060497622740896,0.17834094402037168,1.0,0.0,0.0,0.0,0.0
service_aligned_v1,ppo,29,192,current_missing,9,0.38874712586402893,0.0639978547890981,0.25469400650925106,0.128521838121944,0.16403916478157043,1.0,0.0,0.0,0.0,0.0
