reward_arm,method,seed,training_episodes,training_steps,training_updates,training_completion_frequency,training_truncation_frequency,selected_episode,evaluation_steps_replayed,evaluation_truncated_episodes,value_target_mean_offline,value_prediction_mean_offline,critic_error_rmse_offline,advantage_raw_mean_offline,advantage_raw_std_offline,advantage_normalized_p05_offline,advantage_normalized_p95_offline,unwise_action4_count,unwise_action4_positive_raw_advantage_rate,unwise_action4_positive_normalized_advantage_rate,unwise_action4_mean_raw_advantage,consecutive_no_progress_count,consecutive_no_progress_positive_raw_advantage_rate,last_logged_policy_loss,last_logged_value_loss,last_logged_auxiliary_loss,last_logged_approx_kl,last_logged_clip_fraction,last_logged_policy_entropy,last_logged_explained_variance,dev48_value_to_policy_grad_norm_ratio,dev48_encoder_value_to_policy_grad_norm_ratio,dev48_estimated_global_clip_scale,dev48_policy_auxiliary_gradient_cosine
original_reward_v1,sa_ghmappo,7,192,1456,24,0.9895833333333334,0.010416666666666666,96,157,0,1.125379745746417,0.18296888062528743,6.049721787998823,0.9424108651211295,5.975867759036283,-1.5223516913177788,1.6910658988793468,26,0.19230769230769232,0.15384615384615385,-2.521882497397566,9,0.0,-0.024701,35.331875,1.247581,0.008,0.05692,1.260264,0.294529,158.46747519199351,174.11326454568643,0.009141885307393382,-0.19758266276558412
original_reward_v1,sa_ghmappo,17,192,1408,24,0.984375,0.015625,48,201,3,-3.1867877454865243,-0.16773171493070044,8.619812126263094,-3.019056030555823,8.073813335496231,-1.6503226699450184,1.5484326645557844,101,0.1485148514851485,0.21782178217821782,-7.398850226466655,37,0.05405405405405406,-0.004169,17.039663,1.567538,-0.004214,0.009341,1.456964,-0.288395,183.91619381872482,221.69533712043463,0.013521574045246187,0.6032593730377108
original_reward_v1,sa_ghmappo,29,192,1440,24,0.9739583333333334,0.026041666666666668,48,205,3,-2.376060760579207,0.6776716361322054,8.039703155657843,-3.0537323967114123,7.437173204946208,-1.597258864108355,1.627625824026404,116,0.12931034482758622,0.25862068965517243,-6.762784826577236,38,0.10526315789473684,-0.007233,18.628739,1.532337,0.003085,0.04022,0.91517,0.579935,176.39097529526427,205.7735805374552,0.02560683432404371,0.1113764028724197
original_reward_v1,mappo,7,192,1427,24,0.984375,0.015625,192,145,0,4.1359872747242665,0.9464382680325673,6.162375881669212,3.1895490066916996,5.272727343689449,-1.8532360499911447,1.336419833376373,34,0.5588235294117647,0.38235294117647056,0.5695529242255153,2,0.0,-0.000356,51.87285,0.0,0.001682,0.0,1.174415,0.391521,30.589207737671835,54.5859704983539,0.06167302526228692,
original_reward_v1,mappo,17,192,1389,24,1.0,0.0,96,148,0,3.1859262554025087,-0.10425707335407669,6.120431130833706,3.2901833287565854,5.1608498225050665,-1.5814793577301276,1.5345936032898162,43,0.5348837209302325,0.27906976744186046,0.2058494663936509,4,0.0,-0.013454,19.66514,0.0,0.004202,0.0,1.036563,0.16338,66.45477673897662,85.57657245351946,0.07844223882834567,
original_reward_v1,mappo,29,192,1414,24,0.9895833333333334,0.010416666666666666,48,189,2,-1.2324567257718892,0.10346330063683647,8.753071423985235,-1.3359200264087256,8.650524668274578,-1.7964916608547803,1.3808831149947234,40,0.25,0.325,-4.550193132338949,30,0.13333333333333333,-0.001909,77.716823,0.0,0.003189,0.0,1.307958,0.22626,62.766302607746184,80.99521477756588,0.037971662771760166,
original_reward_v1,ppo,7,192,1317,24,0.9947916666666666,0.005208333333333333,144,137,0,1.9480389670414955,0.4575694120713394,4.119124141214284,1.490469554970156,3.840010963062655,-1.4198965802177625,1.9107435586808252,0,,,,0,,-0.004883,32.131791,0.0,0.000458,0.0,1.429808,0.305658,47.766330135785225,48.458252363270596,0.06388125198910034,
original_reward_v1,ppo,17,192,1308,24,1.0,0.0,48,137,0,1.4223357492630262,-0.0561334549510566,4.485050497364471,1.4784692042140828,4.234360255823761,-1.3638538667631819,1.9224209113193451,0,,,,0,,-0.018097,8.244983,0.0,-0.001037,0.0,1.435208,-0.099196,45.337384018183734,42.952575574978646,0.08379815227478112,
original_reward_v1,ppo,29,192,1319,24,1.0,0.0,192,137,0,3.100731171493999,0.642939207572354,4.320721834574032,2.4577919639216455,3.5535750778401978,-1.4636578600186667,1.6270022701875608,0,,,,0,,-0.01278,17.2667,0.0,-0.001387,0.0,1.502853,0.260543,30.194826743863903,28.863036919826442,0.08726012175254223,
service_aligned_v1,sa_ghmappo,7,192,1437,24,0.984375,0.015625,48,177,3,49.13942309517974,3.876974872276608,59.65379987837525,45.26244822290313,38.85725956366784,-1.6095286324323335,1.3256276983313762,0,,,,48,0.20833333333333334,0.002842,3975.437378,1.472235,-0.000223,0.0,1.367421,2e-06,538.7836664291897,12.06004165194868,0.0011618513374905826,-0.6832152835743982
service_aligned_v1,sa_ghmappo,17,192,1443,24,0.9635416666666666,0.036458333333333336,144,220,5,38.34991961615076,6.961731498891657,47.87231820540601,31.3881881172591,36.14609933416332,-1.3892847489325673,1.5943732713847638,58,0.8620689655172413,0.7931034482758621,44.47754760264102,77,0.24675324675324675,0.018281,4525.901978,1.644072,0.004878,0.0,1.274731,1e-06,7248.8795587750365,174.8537792060209,0.0012104637737094717,0.08833219719926144
service_aligned_v1,sa_ghmappo,29,192,1443,24,0.96875,0.03125,48,205,3,46.078512693943516,3.852623185878847,58.44961246525481,42.22588950806468,40.4144955751174,-1.6297744777955698,1.3391483420315402,116,0.603448275862069,0.45689655172413796,28.391656345171512,38,0.34210526315789475,0.037451,4519.764099,1.960667,0.002446,0.0,1.248889,5e-06,7907.469127131943,211.51347533507456,0.0011943425022058597,0.48523293711251436
service_aligned_v1,mappo,7,192,1456,24,0.9791666666666666,0.020833333333333332,48,205,3,45.73352099833428,3.0245569659442437,58.982740711469816,42.708964032390035,40.68056161259936,-1.6321450821303127,1.337481208542586,116,0.603448275862069,0.45689655172413796,28.82644844549095,38,0.34210526315789475,-6.3e-05,3708.946045,0.0,-0.000832,0.0,1.260536,0.000214,5753.125864745293,3098.0522183716753,0.001367899284407668,
service_aligned_v1,mappo,17,192,1353,24,0.984375,0.015625,48,205,3,45.6718461580976,2.8867268690248813,59.08456198734745,42.78511928907271,40.74823962647368,-1.6319458143373962,1.3374558841290154,116,0.603448275862069,0.45689655172413796,28.87775542776881,38,0.34210526315789475,-0.002024,4439.645996,0.0,0.002409,0.014706,1.352279,0.000304,5932.883889865054,2524.6954184914975,0.0014271486103854677,
service_aligned_v1,mappo,29,192,1455,24,0.984375,0.015625,48,207,3,44.995595163603234,2.654954064871378,58.71796600155675,42.34064109873186,40.682547151184544,-1.6238206558995354,1.2831894082921809,51,0.6862745098039216,0.5098039215686274,31.786704866107424,41,0.3902439024390244,0.04169,3123.143717,0.0,0.001618,0.057292,1.381734,0.000206,859.2706772820039,756.0174981635262,0.0014352849348081564,
service_aligned_v1,ppo,7,192,1345,24,0.9895833333333334,0.010416666666666666,48,142,0,73.88642245813827,2.436168459099783,73.35904582299044,71.4502539990385,16.62560698237792,-1.7184388563719384,1.614186616649951,37,1.0,0.16216216216216217,60.91244839186735,0,,-0.000864,3790.197784,0.0,0.000365,0.0,1.418501,0.000408,1570.4173685357223,1162.761081019472,0.0013105729012975584,
service_aligned_v1,ppo,17,192,1216,24,1.0,0.0,48,137,0,69.3491025500635,3.1671925635233413,68.00504832136414,66.18190998654016,15.64101619859036,-1.4259776941529356,1.8525018529753567,0,,,,0,,0.020363,4591.204926,0.0,0.000667,0.0,0.871067,0.000439,2508.402196474081,1022.7277955048104,0.0013729062843980731,
service_aligned_v1,ppo,29,192,1326,24,1.0,0.0,48,207,3,44.92014483304185,2.4582102724895387,58.85170915809415,42.461934560552315,40.74932863501284,-1.623806536735615,1.2836217209730818,51,0.6862745098039216,0.5098039215686274,31.89686994906962,41,0.3902439024390244,-0.017514,4463.333801,0.0,-0.000347,0.0,1.457618,0.000339,1292.0359098096837,1057.3892314991715,0.0014743515561769878,
