reward_arm,method,seed,checkpoint_episode,development_instances,rollout_steps,return_mean,return_std,value_prediction_mean,advantage_raw_mean,advantage_raw_std,policy_loss,weighted_value_loss,weighted_auxiliary_loss,policy_grad_norm,value_grad_norm,auxiliary_grad_norm,total_grad_norm,global_clip_max_norm,estimated_global_clip_scale,value_to_policy_grad_norm_ratio,scale_normalized_value_to_policy_grad_norm_ratio,encoder_value_to_policy_grad_norm_ratio,encoder_scale_normalized_value_to_policy_grad_norm_ratio,policy_value_gradient_cosine,policy_auxiliary_gradient_cosine,encoder_policy_auxiliary_gradient_cosine,current_missing_step_count,current_missing_policy_auxiliary_gradient_cosine
original_reward_v1,sa_ghmappo,7,48,4,39,2.7355563640594482,6.09797477722168,-0.7758726477622986,3.5114293098449707,6.141933441162109,-0.012178062461316586,25.026737213134766,0.14646689593791962,0.34578457474708557,54.79560852050781,0.11678485572338104,54.69331359863281,0.5,0.009141885307393382,158.46747519199351,4.261546437200956,174.11326454568643,4.6822992551189655,-0.12239280027429214,-0.19758266276558412,-0.13196654426229165,9,0.10932759479708806
original_reward_v1,sa_ghmappo,17,48,4,38,2.398390054702759,6.067893981933594,0.1568562388420105,2.2415335178375244,5.583458423614502,-0.012470702640712261,18.099740982055664,0.15953807532787323,0.20022980868816376,36.825504302978516,0.1361456960439682,36.977943420410156,0.5,0.013521574045246187,183.91619381872482,4.995102028362318,221.69533712043463,6.021172064066776,0.43084003579012337,0.6032593730377108,0.6366644414760736,9,0.2719248787458482
original_reward_v1,sa_ghmappo,29,48,4,38,2.5957260131835938,6.174215793609619,1.2334811687469482,1.362244725227356,5.477304458618164,-0.010819630697369576,15.928290367126465,0.1611384004354477,0.11076919734477997,19.538686752319336,0.09901461005210876,19.526037216186523,0.5,0.02560683432404371,176.39097529526427,4.627157115769691,205.7735805374552,5.397940699515591,-0.01661918429931564,0.1113764028724197,0.1459541312787786,9,-0.2855880525283777
original_reward_v1,mappo,7,48,4,38,2.2585222721099854,5.9700541496276855,-0.5890774726867676,2.847599744796753,5.896439552307129,-0.011945842765271664,21.438413619995117,0.0,0.26487523317337036,8.102323532104492,0.0,8.107272148132324,0.5,0.06167302526228692,30.589207737671835,0.8582458776350068,54.5859704983539,1.5315264808909161,0.002460943974675762,,,9,
original_reward_v1,mappo,17,48,4,38,2.3545801639556885,5.966650485992432,-0.05171352997422218,2.4062936305999756,5.9049072265625,-0.010817375034093857,20.329092025756836,0.0,0.09580422937870026,6.3666486740112305,0.0,6.374116897583008,0.5,0.07844223882834567,66.45477673897662,1.866659781534979,85.57657245351946,2.403774206207098,0.07080725912887874,,,9,
original_reward_v1,mappo,29,48,4,34,5.575234889984131,3.0601022243499756,0.19314530491828918,5.382089614868164,3.040663957595825,-0.011758019216358662,19.106260299682617,0.0,0.209619402885437,13.157034873962402,0.0,13.16771411895752,0.5,0.037971662771760166,62.766302607746184,6.702776648288373,80.99521477756588,8.649429823069706,0.043188456732001106,,,5,
original_reward_v1,ppo,7,48,4,31,4.105740070343018,2.186715841293335,-0.032092612236738205,4.137833118438721,2.1854257583618164,-0.014834914356470108,10.948874473571777,0.0,0.16385050117969513,7.826537132263184,0.0,7.827022552490234,0.5,0.06388125198910034,47.766330135785225,9.989352136598077,48.458252363270596,10.134052056090193,-0.007468996632550616,,,8,
original_reward_v1,ppo,17,48,4,30,2.8445465564727783,4.236152172088623,-0.04633725807070732,2.8908839225769043,4.2214789390563965,-0.014769847504794598,13.089046478271484,0.0,0.13170644640922546,5.971225738525391,0.0,5.966718673706055,0.5,0.08379815227478112,45.337384018183734,2.5264651808473446,42.952575574978646,2.3935698872120486,-0.0452058608398412,,,4,
original_reward_v1,ppo,29,48,4,39,-3.2638261318206787,4.165290355682373,0.03231144696474075,-3.296138286590576,4.134360313415527,-0.014564383774995804,13.978730201721191,0.0,0.18965044617652893,5.726462364196777,0.0,5.729994297027588,0.5,0.08726012175254223,30.194826743863903,1.7403718610795471,28.863036919826442,1.6636096463984693,0.0020837184022048576,,,10,
service_aligned_v1,sa_ghmappo,7,48,4,36,69.78011322021484,24.04641342163086,3.8783416748046875,65.90177154541016,24.04636001586914,-0.013048576191067696,2460.635498046875,0.17137806117534637,0.7987378239631653,430.3468933105469,0.15639448165893555,430.34765625,0.5,0.0011618513374905826,538.7836664291897,0.9317809497591787,12.06004165194868,0.02085682824907684,0.0002334446153864252,-0.6832152835743982,-0.7266704006863948,9,-0.6928149987411786
service_aligned_v1,sa_ghmappo,17,48,4,38,68.79878234863281,17.061325073242188,3.700208902359009,65.09857177734375,17.06084442138672,-0.009571552276611328,2264.448486328125,0.1696109175682068,0.05698324739933014,413.064697265625,0.19449123740196228,413.0648193359375,0.5,0.0012104637737094717,7248.8795587750365,24.902637784084593,174.8537792060209,0.6006886389159664,-9.259597444159584e-05,0.08833219719926144,-0.24650257605435916,9,-0.6959073062830375
service_aligned_v1,sa_ghmappo,29,48,4,38,68.458251953125,17.270275115966797,3.853154182434082,64.60509490966797,17.269729614257812,-0.007850434631109238,2236.031005859375,0.189931258559227,0.052942413836717606,418.6405029296875,0.20818015933036804,418.640380859375,0.5,0.0011943425022058597,7907.469127131943,26.51178609392975,211.51347533507456,0.7091524641272899,-0.0009610655565216624,0.48523293711251436,0.5280681021233,9,0.34336303120891243
service_aligned_v1,mappo,7,48,4,38,68.3151626586914,17.343700408935547,3.083711862564087,65.23146057128906,17.292922973632812,-0.009951245039701462,2277.09375,0.0,0.06353490799665451,365.5243225097656,0.0,365.52398681640625,0.5,0.001367899284407668,5753.125864745293,19.125830268644627,3098.0522183716753,10.299241687072676,-0.005474329893787126,,,9,
service_aligned_v1,mappo,17,48,4,38,68.28681182861328,17.354671478271484,2.9288642406463623,65.35794067382812,17.316120147705078,-0.010319544933736324,2285.754638671875,0.0,0.0590522475540638,350.3501281738281,0.0,350.34893798828125,0.5,0.0014271486103854677,5932.883889865054,19.698493481810203,2524.6954184914975,8.382550658641668,-0.020128811834635923,,,9,
service_aligned_v1,mappo,29,48,4,38,68.23963165283203,17.37652587890625,2.6884994506835938,65.55113220214844,17.344663619995117,-0.013889267109334469,2298.893798828125,0.0,0.4054297208786011,348.3738708496094,0.0,348.3628845214844,0.5,0.0014352849348081564,859.2706772820039,2.845797886557183,756.0174981635262,2.503835781176079,-0.027484812363972173,,,9,
service_aligned_v1,ppo,7,48,4,31,78.6219253540039,15.937278747558594,2.4707086086273193,76.15122985839844,15.911867141723633,-0.01445798296481371,3026.097900390625,0.0,0.2429356575012207,381.5103759765625,0.0,381.5125427246094,0.5,0.0013105729012975584,1570.4173685357223,6.18282224965798,1162.761081019472,4.577854884904877,0.00880852505503546,,,5,
service_aligned_v1,ppo,17,48,4,30,69.30640411376953,15.42775821685791,3.1995553970336914,66.10684967041016,15.36622428894043,-0.013242905028164387,2303.117919921875,0.0,0.14519119262695312,364.1979064941406,0.0,364.19091796875,0.5,0.0013729062843980731,2508.402196474081,10.538808590157904,1022.7277955048104,4.296890319177533,-0.048235955205325275,,,4,
service_aligned_v1,ppo,29,48,4,38,68.2025146484375,17.391237258911133,2.4911651611328125,65.71135711669922,17.37126922607422,-0.01446693018078804,2309.871337890625,0.0,0.2624776065349579,339.1304931640625,0.0,339.13214111328125,0.5,0.0014743515561769878,1292.0359098096837,4.271826727118124,1057.3892314991715,3.4960193438222316,0.006014771731187364,,,9,
