split,reward_arm,method,episode_n,reward_node_completion,reward_workflow_completion,reward_time_penalty,reward_service_operation_time_penalty,reward_transfer_penalty,reward_recompute_penalty,reward_failure_penalty,reward_deadline_penalty,reward,rescored_return_original_reward_v1,rescored_return_service_aligned_v1
frozen_check,original_reward_v1,mappo,24,13.583333333333334,3.8333333333333335,-7.204329543717818,0.0,-0.4174196936461764,0.0,-3.875,-2.6666666666666665,3.253250762636006,3.253250762636006,80.41904231370329
frozen_check,original_reward_v1,ppo,24,13.75,4.0,-8.616151802103749,0.0,-0.3149781354974645,0.0,0.0,-4.0,4.818870062398788,4.818870062398788,78.4453998849031
frozen_check,original_reward_v1,sa_ghmappo,24,13.416666666666666,3.6666666666666665,-7.418117153541186,0.0,-0.26709082938032225,0.0,-8.75,-3.0,-2.351874649588174,-2.351874649588174,70.67492938836327
frozen_check,original_reward_v1,two_step_cost_rule,8,13.75,4.0,-4.133418894591647,0.0,-0.03028112550964579,0.0,0.0,-1.5,12.086299979898708,12.086299979898708,96.4167534693254
frozen_check,service_aligned_v1,mappo,24,6.625,87.5,0.0,-0.5691198700000001,-0.13181456167755337,-2.035115391205496,-8.0,-15.625,67.76395017711695,-4.7015054644039,67.76395017711695
frozen_check,service_aligned_v1,ppo,24,6.791666666666667,95.83333333333333,0.0,-0.594650665,-0.20833426934162466,-3.0574158594958014,-2.8333333333333335,-20.833333333333332,75.09793253949591,0.643593422843468,75.09793253949591
frozen_check,service_aligned_v1,sa_ghmappo,24,5.958333333333333,83.33333333333333,0.0,-0.6283859716666667,-0.04130405462152945,-2.1016985281378444,-9.166666666666666,-16.666666666666668,60.686944778907296,-8.015919457650275,60.686944778907296
frozen_check,service_aligned_v1,two_step_cost_rule,8,6.875,100.0,0.0,-0.9467237075,-0.015140562754822895,-0.12138226041977918,0.0,-9.375,96.4167534693254,12.086299979898708,96.4167534693254
regression,original_reward_v1,mappo,36,13.555555555555555,3.888888888888889,-5.689941593573907,0.0,-0.4965027558306853,0.0,-3.6666666666666665,-1.6666666666666667,5.924666761706518,5.924666761706518,88.38820852062318
regression,original_reward_v1,ppo,36,13.666666666666666,4.0,-8.105719375233834,0.0,-0.35403493840971756,0.0,0.0,-3.111111111111111,6.095801241912003,6.095801241912003,84.14108113644068
regression,original_reward_v1,sa_ghmappo,36,13.333333333333334,3.5555555555555554,-6.1291995852837715,0.0,-0.3327543799144526,0.0,-7.666666666666667,-1.8888888888888888,0.8713793681351086,0.8713793681351086,73.56604872476264
regression,original_reward_v1,two_step_cost_rule,12,13.666666666666666,4.0,-4.183974600140803,0.0,-0.07871259473419438,0.0,0.0,-0.6666666666666666,12.737312805125006,12.737312805125006,101.5618502355449
regression,service_aligned_v1,mappo,36,6.583333333333333,83.33333333333333,0.0,-0.5811303200000001,-0.19898502077881453,-1.3819936604065184,-6.944444444444445,-14.583333333333334,66.22677988770354,-1.9753998703147266,66.22677988770354
regression,service_aligned_v1,ppo,36,6.75,94.44444444444444,0.0,-0.6015489522222223,-0.2214168291603629,-1.936920907715677,-2.5555555555555554,-14.583333333333334,81.29566886645728,4.051700395556413,81.29566886645728
regression,service_aligned_v1,sa_ghmappo,36,6.027777777777778,80.55555555555556,0.0,-0.5993484561111111,-0.0646037887587833,-1.3589519817718227,-7.333333333333333,-11.805555555555555,65.42154021780273,-2.9687638533124825,65.42154021780273
regression,service_aligned_v1,two_step_cost_rule,12,6.833333333333333,100.0,0.0,-0.8646549149999999,-0.03935629736709719,-0.20080521875466875,0.0,-4.166666666666667,101.5618502355449,12.737312805125006,101.5618502355449
