arm,method,seed,selected_update,selected_checkpoint,selected_checkpoint_sha256,network_sha256_before,network_sha256_after,network_unchanged,optimizer_sha256_before,optimizer_sha256_after,optimizer_unchanged,popart_sha256_before,popart_sha256_after,popart_unchanged,update_count_before,update_count_after,update_count_unchanged
candidate_popart_critic_target,mappo,7,6,checkpoints/candidate_popart_critic_target_mappo_seed7_selected.pt,1d07a4591251751aecd787a80b4a0a436692f2d59aa09eefd872445c7c4c64a2,54ef5a6365832d0c61514a5822f08855f377f220286068b38e025fe519d3e702,54ef5a6365832d0c61514a5822f08855f377f220286068b38e025fe519d3e702,True,b85d454f8d0534104afd43394e0fa37a3ca392bfe2e687f9c176a2ec7ab52e86,b85d454f8d0534104afd43394e0fa37a3ca392bfe2e687f9c176a2ec7ab52e86,True,187f8883f59b8d7fb007fc7d51e607addd3a3b13fc2f80d6d293de9c8a0650d8,187f8883f59b8d7fb007fc7d51e607addd3a3b13fc2f80d6d293de9c8a0650d8,True,6,6,True
candidate_popart_critic_target,mappo,17,6,checkpoints/candidate_popart_critic_target_mappo_seed17_selected.pt,78a49835d2b8b434cf33b9381f246db76953916950daf2c1a08f164350b8f451,6d320c2bb08d6ef9dd773ee13e721ae5b30e3ef3e3e8486c26ca3afb913d07fe,6d320c2bb08d6ef9dd773ee13e721ae5b30e3ef3e3e8486c26ca3afb913d07fe,True,b7812caccb61d9d10e3517de8983fc8c228900e60fb81d214da8bf225d235fdb,b7812caccb61d9d10e3517de8983fc8c228900e60fb81d214da8bf225d235fdb,True,fc23e7bcf093c3346bc5d9b1b7384414fbaca76412255e86356b612113c5406c,fc23e7bcf093c3346bc5d9b1b7384414fbaca76412255e86356b612113c5406c,True,6,6,True
candidate_popart_critic_target,mappo,29,6,checkpoints/candidate_popart_critic_target_mappo_seed29_selected.pt,f58133075fd061559af5ad06c95d47b0b321112d680cf4ccb96d7fd0ee8fa075,0c94df1be5a26800e26dfb3237a61dd65783f54d5f8b40367fef3cdeda0b3f60,0c94df1be5a26800e26dfb3237a61dd65783f54d5f8b40367fef3cdeda0b3f60,True,1413c4264a915aa710da8e98afc69a437456ea13f35616eded3d926599518378,1413c4264a915aa710da8e98afc69a437456ea13f35616eded3d926599518378,True,f143ec482ec927aa0fc0854d3fa45967b6a9f07f05360245b1bc226f70e58703,f143ec482ec927aa0fc0854d3fa45967b6a9f07f05360245b1bc226f70e58703,True,6,6,True
candidate_popart_critic_target,mappo,43,6,checkpoints/candidate_popart_critic_target_mappo_seed43_selected.pt,133a0baeda3fe51859d75f9033b0df5573e22abd1fc3899896ed1eae2791f176,b1d2e1232e075dff6a921867c37c8049941d1ffe8f8458dcef8f2e601507ca58,b1d2e1232e075dff6a921867c37c8049941d1ffe8f8458dcef8f2e601507ca58,True,b637696f2995a3c693a63e49d70989a3cda3425d0721a03769592a678e60cd01,b637696f2995a3c693a63e49d70989a3cda3425d0721a03769592a678e60cd01,True,c2137b066265bac58ba90b7a66ae9e20f6fe47cd5165fcb6c275112348044443,c2137b066265bac58ba90b7a66ae9e20f6fe47cd5165fcb6c275112348044443,True,6,6,True
candidate_popart_critic_target,mappo,61,12,checkpoints/candidate_popart_critic_target_mappo_seed61_selected.pt,c9cf65ccdd07af54272e9dce008564f4d4b9d9ab60555c3bd633c7384114ce94,b9b95dd51c846ed77645dbc81a822f1ec66d2104196b389c86ecce93b65398c7,b9b95dd51c846ed77645dbc81a822f1ec66d2104196b389c86ecce93b65398c7,True,e30574e7e4a1190f928e6001e32db15ff65e52fb1d30303c595e50b74e4d54d2,e30574e7e4a1190f928e6001e32db15ff65e52fb1d30303c595e50b74e4d54d2,True,1f51bbc9e9b3bf0b583be323d456a0e9aab463f36311fc24239b6bf19efe2447,1f51bbc9e9b3bf0b583be323d456a0e9aab463f36311fc24239b6bf19efe2447,True,12,12,True
candidate_popart_critic_target,ppo,7,6,checkpoints/candidate_popart_critic_target_ppo_seed7_selected.pt,8aebbffdc1b7c959fc8ab22bb2a56be4cf13e0f8f0035086c7c4aa8a7166eb35,a30ddd9fcd67628d96f7c15477673e90653457cc816f26f4538d538363ef69fc,a30ddd9fcd67628d96f7c15477673e90653457cc816f26f4538d538363ef69fc,True,f8aded07a7c8cc315e559ca73fef3dfc5e5d5e0535a76fda3a51e71c2afb0fbd,f8aded07a7c8cc315e559ca73fef3dfc5e5d5e0535a76fda3a51e71c2afb0fbd,True,def4ec97dfcdecd25222cf8fa300b99f05aa7254806637cddf0f31dd6d9b79c4,def4ec97dfcdecd25222cf8fa300b99f05aa7254806637cddf0f31dd6d9b79c4,True,6,6,True
candidate_popart_critic_target,ppo,17,6,checkpoints/candidate_popart_critic_target_ppo_seed17_selected.pt,3b2806d022051d47a0c2f81226f04025b6b9065e2463d2b3fcf978e31978ca1d,a0d3681228b68690bd126b71874a1c9adc487520559f45ce9cd4bd7b0ddd70a5,a0d3681228b68690bd126b71874a1c9adc487520559f45ce9cd4bd7b0ddd70a5,True,ebef7dc54bea60f477689d974f5c21850bfb2609a4116f3655d78125789cb204,ebef7dc54bea60f477689d974f5c21850bfb2609a4116f3655d78125789cb204,True,33afa1c7221694a5f99380aded6c6860438379a31883d014a6da340a5ee7c62a,33afa1c7221694a5f99380aded6c6860438379a31883d014a6da340a5ee7c62a,True,6,6,True
candidate_popart_critic_target,ppo,29,6,checkpoints/candidate_popart_critic_target_ppo_seed29_selected.pt,adf7964f14d797056167178987845a3badcb47e4d30ce2308f42d17e2b77acc6,8e69e5c28d71e61652baac6021d49787a072d1a7cbda0555cccf299a6299d9c3,8e69e5c28d71e61652baac6021d49787a072d1a7cbda0555cccf299a6299d9c3,True,02eb36bd9b86cbc7afbf69c3b927711b81ca0c02f923fa8487b2323f774fa17d,02eb36bd9b86cbc7afbf69c3b927711b81ca0c02f923fa8487b2323f774fa17d,True,fdb993cb46694e36c845962f98fe71bc591b5842ea4115c69e85a735868e3037,fdb993cb46694e36c845962f98fe71bc591b5842ea4115c69e85a735868e3037,True,6,6,True
candidate_popart_critic_target,ppo,43,6,checkpoints/candidate_popart_critic_target_ppo_seed43_selected.pt,36209b0556c28c592b0767265e3f7589c63813212ba66e9ddea143cbe80d14d9,ff4cbcb7dfdc3847b03e52b69358d078f298fa35165e41d4bb22a2f76139b396,ff4cbcb7dfdc3847b03e52b69358d078f298fa35165e41d4bb22a2f76139b396,True,2eedf9351b76ad8c5f97376b85208382fc8eaa05723798d531c1435a69734f90,2eedf9351b76ad8c5f97376b85208382fc8eaa05723798d531c1435a69734f90,True,dd5a774ff15c5a2361211b12994fd3fb56dfb798a23e861e0729e57765d06a07,dd5a774ff15c5a2361211b12994fd3fb56dfb798a23e861e0729e57765d06a07,True,6,6,True
candidate_popart_critic_target,ppo,61,12,checkpoints/candidate_popart_critic_target_ppo_seed61_selected.pt,d2c3723b8743613b16c68d59766088e0f48c5d4f2ca4a6699c2042114c73a895,e87c855d0ba067530c80b63fed9af5d1672f8fe59eca19992a0708a2cd037e50,e87c855d0ba067530c80b63fed9af5d1672f8fe59eca19992a0708a2cd037e50,True,24db72900ea3fa9d35e225558908a39159d65b1c2dfb54ed27442642a1c820cf,24db72900ea3fa9d35e225558908a39159d65b1c2dfb54ed27442642a1c820cf,True,8bb230bd9c336d3fabf2cd49402ae36075279b13f39165f8610b646a497612f5,8bb230bd9c336d3fabf2cd49402ae36075279b13f39165f8610b646a497612f5,True,12,12,True
candidate_popart_critic_target,sa_ghmappo,7,24,checkpoints/candidate_popart_critic_target_sa_ghmappo_seed7_selected.pt,bd290f44db7b574109a6b7be2cb283438703f39a6df116ae1edd57e5c15a1dab,47baf257121bfa92efc0ae6df49b18910e1c219f03724fa01727580b69574abd,47baf257121bfa92efc0ae6df49b18910e1c219f03724fa01727580b69574abd,True,9306304515353b4e5ead9ee469fe89de30257fe2e2d86304e209742c3cecf5d0,9306304515353b4e5ead9ee469fe89de30257fe2e2d86304e209742c3cecf5d0,True,482e5d215cd17e1129ae36355f68f414dd34b95d079dac77a96be030f4587799,482e5d215cd17e1129ae36355f68f414dd34b95d079dac77a96be030f4587799,True,24,24,True
candidate_popart_critic_target,sa_ghmappo,17,24,checkpoints/candidate_popart_critic_target_sa_ghmappo_seed17_selected.pt,faf46dec3b2873268f33784bfc902b3519247a7895518bb0a055f407677dee68,cdce14d06e0b403032ff39e78052e8001d69a85ec64205493ec4d4f4d6e303d7,cdce14d06e0b403032ff39e78052e8001d69a85ec64205493ec4d4f4d6e303d7,True,db1e9af1615a655e3ccf3a22de0b6b0d26bb2ca7fcad99a7092f9ea603450ff0,db1e9af1615a655e3ccf3a22de0b6b0d26bb2ca7fcad99a7092f9ea603450ff0,True,e3df0c21ff1be1e588543a261a5ae05ff0961a48532b9a68df36e3a6092ed0ed,e3df0c21ff1be1e588543a261a5ae05ff0961a48532b9a68df36e3a6092ed0ed,True,24,24,True
candidate_popart_critic_target,sa_ghmappo,29,18,checkpoints/candidate_popart_critic_target_sa_ghmappo_seed29_selected.pt,135ee12190f4836a4581a956739b14054044b48110cba9107b5aa192193bdc19,5d0795371cddf493330e926a4eb758ff56223c17550035796991d6a057380912,5d0795371cddf493330e926a4eb758ff56223c17550035796991d6a057380912,True,c35390210862212626201698ec79dd432631ee5ae179ad09f5d0c0901597f28b,c35390210862212626201698ec79dd432631ee5ae179ad09f5d0c0901597f28b,True,1a9f0dcbb499440fe01daf9ccb2bf0c58a1d8ffd5ccf4525a18c89e4fe3c3115,1a9f0dcbb499440fe01daf9ccb2bf0c58a1d8ffd5ccf4525a18c89e4fe3c3115,True,18,18,True
candidate_popart_critic_target,sa_ghmappo,43,18,checkpoints/candidate_popart_critic_target_sa_ghmappo_seed43_selected.pt,36331cc6697ebe9c0e4aa2436963e4c45996447d1ff72d4e41733b38ce2a76cd,48a50e3ffa3cb4b86a3243ecfe0c55baf6436e0d37e7276bd647b5d3e89993de,48a50e3ffa3cb4b86a3243ecfe0c55baf6436e0d37e7276bd647b5d3e89993de,True,01f74d6c15509c821a7c24f0bade40aef20077eed6a95f9b725511312762be13,01f74d6c15509c821a7c24f0bade40aef20077eed6a95f9b725511312762be13,True,e3c49dff3bc37b25f931b0a07344859c5b0d344d677e2e271ef1f7f930e0423d,e3c49dff3bc37b25f931b0a07344859c5b0d344d677e2e271ef1f7f930e0423d,True,18,18,True
candidate_popart_critic_target,sa_ghmappo,61,18,checkpoints/candidate_popart_critic_target_sa_ghmappo_seed61_selected.pt,796d5202f127248d84ec3ed5e36cd60e898cacf5f17441d3e282487d50076627,0b73919644fa8d375e52958437730bb22df6317493ae16ca216f7e0954b2140c,0b73919644fa8d375e52958437730bb22df6317493ae16ca216f7e0954b2140c,True,0a8a95174a246244642e97d2f2a34536f8e6dd6ebb2e1555667760f301db4ecb,0a8a95174a246244642e97d2f2a34536f8e6dd6ebb2e1555667760f301db4ecb,True,3a5643936a6251b7be5e4d44df8c155bb233eb629cae62addbedee9710292024,3a5643936a6251b7be5e4d44df8c155bb233eb629cae62addbedee9710292024,True,18,18,True
control_raw_critic_target,mappo,7,6,checkpoints/control_raw_critic_target_mappo_seed7_selected.pt,bd165c875f28b196cee8f39dba7ffdb26980d49b8161518d69794794295e880e,32dcc8dfc5c218cee52f65b69c4a7e6992a369bb9089280bbc8d0c2e0a704c06,32dcc8dfc5c218cee52f65b69c4a7e6992a369bb9089280bbc8d0c2e0a704c06,True,7b7fb081b1b7e269c6792026539f527ec408d1a6fa70bf2d355f8472935bf400,7b7fb081b1b7e269c6792026539f527ec408d1a6fa70bf2d355f8472935bf400,True,not_applicable,not_applicable,True,6,6,True
control_raw_critic_target,mappo,17,6,checkpoints/control_raw_critic_target_mappo_seed17_selected.pt,31f4d472c377f77c106c5d0358880f501509c8e3b8c5c4bdcf645a3d410e52cb,2b544ad0c90bb0dbbd4fba1358b39b608ddbcdc7e88602e12acea3d1beecd8ee,2b544ad0c90bb0dbbd4fba1358b39b608ddbcdc7e88602e12acea3d1beecd8ee,True,de78de351241f7d43da99a6ba4bf81e8958a36f1f4b834af4613172a6b544061,de78de351241f7d43da99a6ba4bf81e8958a36f1f4b834af4613172a6b544061,True,not_applicable,not_applicable,True,6,6,True
control_raw_critic_target,mappo,29,12,checkpoints/control_raw_critic_target_mappo_seed29_selected.pt,4703b173652c85d78a7837fb3edad12f62cb7d4fec25ca3bbe1ae4091f5ffcc7,ed0c282d38a2d42db9d739a644f98acf265f2e65d51f0033c4a92a5d0195e6a6,ed0c282d38a2d42db9d739a644f98acf265f2e65d51f0033c4a92a5d0195e6a6,True,053a05e2ebc882bfb7545d0b646609d61e5e35b660252b84db4099bfc2bf0463,053a05e2ebc882bfb7545d0b646609d61e5e35b660252b84db4099bfc2bf0463,True,not_applicable,not_applicable,True,12,12,True
control_raw_critic_target,mappo,43,6,checkpoints/control_raw_critic_target_mappo_seed43_selected.pt,e215a3945f30b5bc5cb37c3819200f33f3ad9215119d7ba7781416d6ddbc7318,a285142c023e904f27b49f8dbc910897f2f400be7f3675a3e34aefd727e770cf,a285142c023e904f27b49f8dbc910897f2f400be7f3675a3e34aefd727e770cf,True,502f2cee96b80f79b081ace3392d7df3770866563e64bf76e5475dd62fee48dc,502f2cee96b80f79b081ace3392d7df3770866563e64bf76e5475dd62fee48dc,True,not_applicable,not_applicable,True,6,6,True
control_raw_critic_target,mappo,61,6,checkpoints/control_raw_critic_target_mappo_seed61_selected.pt,884df48ade5b0a6a39e0db63a6a5f67b854aa7b65b46115396bb632ce16c67db,1d0c5de90ce1fd0e348f183a163c4cd8c55a70d3b173ec90e2daac1723fd3c19,1d0c5de90ce1fd0e348f183a163c4cd8c55a70d3b173ec90e2daac1723fd3c19,True,3c531dadabde9a393212800274ba7de3a0c73933734136e0a54fc69724853f7e,3c531dadabde9a393212800274ba7de3a0c73933734136e0a54fc69724853f7e,True,not_applicable,not_applicable,True,6,6,True
control_raw_critic_target,ppo,7,6,checkpoints/control_raw_critic_target_ppo_seed7_selected.pt,39a70551ea09ca7dca404b587f5b53688e7bf047fba6c4ec5bc470e92f8e6313,29e5d84363c54b8b94d36fb3c5f433487276443e18ebe4201e1b1ee2eacfec5d,29e5d84363c54b8b94d36fb3c5f433487276443e18ebe4201e1b1ee2eacfec5d,True,a82e77c5fdc608a791d06db3d6a2eba97b7853d31192e960718ac042e8884dc6,a82e77c5fdc608a791d06db3d6a2eba97b7853d31192e960718ac042e8884dc6,True,not_applicable,not_applicable,True,6,6,True
control_raw_critic_target,ppo,17,12,checkpoints/control_raw_critic_target_ppo_seed17_selected.pt,e4e9ad02ab4b44b6bc19da78b5498a6c4a89a55a50c16aae971de3e605c03a64,18ba320314b91ec40792edc32d16f8597b395ad449ca1775ffb61a6a0dd0eb5f,18ba320314b91ec40792edc32d16f8597b395ad449ca1775ffb61a6a0dd0eb5f,True,da14162fe184338bcd60ee2c1b8d5b66cdcb4be3b6b783397145e9cab26a555b,da14162fe184338bcd60ee2c1b8d5b66cdcb4be3b6b783397145e9cab26a555b,True,not_applicable,not_applicable,True,12,12,True
control_raw_critic_target,ppo,29,6,checkpoints/control_raw_critic_target_ppo_seed29_selected.pt,48e0d13a969713fca1b9ac5b61146e8028e9cc6a1cfd89a8649442ead3d03405,47cdacfa107c0ccf099ba56240096c92e33b85afe268f0568b27c6312bd44b50,47cdacfa107c0ccf099ba56240096c92e33b85afe268f0568b27c6312bd44b50,True,df5ebc9ea017162c8a309967746c6b271615b8df1e32e5928422ecae7b4e8701,df5ebc9ea017162c8a309967746c6b271615b8df1e32e5928422ecae7b4e8701,True,not_applicable,not_applicable,True,6,6,True
control_raw_critic_target,ppo,43,18,checkpoints/control_raw_critic_target_ppo_seed43_selected.pt,0323e3ea3ee68138a6b91cc16470f78aaea6d2aba1714d2d2126be57dabe1987,38ef19ae2b57abcae41f770aef75c098beb0bf4f05c721b8880315ca4c076c65,38ef19ae2b57abcae41f770aef75c098beb0bf4f05c721b8880315ca4c076c65,True,0b2fa955171d470a0fd8ccc4023056484b683c5025a5e732035a02dcd4cc1f86,0b2fa955171d470a0fd8ccc4023056484b683c5025a5e732035a02dcd4cc1f86,True,not_applicable,not_applicable,True,18,18,True
control_raw_critic_target,ppo,61,6,checkpoints/control_raw_critic_target_ppo_seed61_selected.pt,9d19368748ab738ca21d49f63cf0f7ca9492179e5a988ce2d158b4d4bacb4f86,4e8fb6abc5540adeda210c1cfab00c5bf26aa94380b3bad2a2958b21b1f29ee5,4e8fb6abc5540adeda210c1cfab00c5bf26aa94380b3bad2a2958b21b1f29ee5,True,7c1b0370c8eca930d1e3a5e7163787b3905d73cd1063670fd63543480b71972e,7c1b0370c8eca930d1e3a5e7163787b3905d73cd1063670fd63543480b71972e,True,not_applicable,not_applicable,True,6,6,True
control_raw_critic_target,sa_ghmappo,7,6,checkpoints/control_raw_critic_target_sa_ghmappo_seed7_selected.pt,6e9ecb2972422547a51d9eaf0b9306ffc7930ab6481bf7d316946cd7797a68e6,91ebbd6a11f3c24dd53ce3a82ac8b48ecd739b167d13cf824d585ef470df86e9,91ebbd6a11f3c24dd53ce3a82ac8b48ecd739b167d13cf824d585ef470df86e9,True,3f2edb694c84f2dfdf381088209d3faf2a3a332b46a00db59dcdf46817cb8d51,3f2edb694c84f2dfdf381088209d3faf2a3a332b46a00db59dcdf46817cb8d51,True,not_applicable,not_applicable,True,6,6,True
control_raw_critic_target,sa_ghmappo,17,18,checkpoints/control_raw_critic_target_sa_ghmappo_seed17_selected.pt,5707eb14abb820982a08b8718bc439b83c015554838c2fc3d979e9468402ebc3,7b99726a9f78cc8fa23e79b208ec2d2ebc337b4bdd02eb1ad17fb5104893dd8c,7b99726a9f78cc8fa23e79b208ec2d2ebc337b4bdd02eb1ad17fb5104893dd8c,True,604fe3c19af08cb3c932ad4573622c85886b4fd54b862eb867e6c5147ac945e0,604fe3c19af08cb3c932ad4573622c85886b4fd54b862eb867e6c5147ac945e0,True,not_applicable,not_applicable,True,18,18,True
control_raw_critic_target,sa_ghmappo,29,12,checkpoints/control_raw_critic_target_sa_ghmappo_seed29_selected.pt,bbff24ff919abd24c606529f4ffa5473c39761b7ea02cf996fa82fc65ae60dea,a6892d944d5509855b51efa36f6885f9dbb37a3f3ef9537067bf11d48170ad4e,a6892d944d5509855b51efa36f6885f9dbb37a3f3ef9537067bf11d48170ad4e,True,df70d7aa4b52d672dd0e08159ee5acd062c7e29e2acc46aab1e0aa739aa96b7b,df70d7aa4b52d672dd0e08159ee5acd062c7e29e2acc46aab1e0aa739aa96b7b,True,not_applicable,not_applicable,True,12,12,True
control_raw_critic_target,sa_ghmappo,43,12,checkpoints/control_raw_critic_target_sa_ghmappo_seed43_selected.pt,cde750650100e3c9bb778e857f6cf1f3827ef149f26abff1ea4f31be3cbe8ed8,d97588a1a82287f014961099d0379f379c641045b85a22cc2db4eba8bda8c5e1,d97588a1a82287f014961099d0379f379c641045b85a22cc2db4eba8bda8c5e1,True,6b8837d8803e4fd816db612bd20fdc83e65ac1ceb381a439abdd3413d5cfa58a,6b8837d8803e4fd816db612bd20fdc83e65ac1ceb381a439abdd3413d5cfa58a,True,not_applicable,not_applicable,True,12,12,True
control_raw_critic_target,sa_ghmappo,61,18,checkpoints/control_raw_critic_target_sa_ghmappo_seed61_selected.pt,1ae3d87acf1f27ebc20465b4a5c34d9a6d14050da1a3ec0c25fda108ec55aed8,51306132e0fba74d12b690b4f89b7c1eaef0dce9a8fdf50131e9d4572fcc1fbe,51306132e0fba74d12b690b4f89b7c1eaef0dce9a8fdf50131e9d4572fcc1fbe,True,c88d4bc6d118473aced7dff356a46b54451b1a5bca78350d66f2fa14148a1989,c88d4bc6d118473aced7dff356a46b54451b1a5bca78350d66f2fa14148a1989,True,not_applicable,not_applicable,True,18,18,True
