arm,method,seed,state_count,denormalized_value_mean,fixed_behavior_target_mean,fixed_behavior_rmse,fixed_behavior_mae,offline_fixed_behavior_advantage_mean,action4_probability_mean,action4_margin_mean,probability_argmax_action4_rate,raw_env_action4_rate,projected_env_action4_rate,executed_action4_rate,projection_rate
control_raw_critic_target,sa_ghmappo,7,48,3.6651852329572043,88.09427614423765,85.29230050755498,84.42909091128045,84.42909091128045,0.3525794583333333,0.06407731250000001,1,0,0.6041666666666666,0.6041666666666666,0.6041666666666666
control_raw_critic_target,sa_ghmappo,17,48,6.691182384888331,88.09427614423765,82.29807972539722,81.40309375934932,81.40309375934932,0.441640375,0.11140310416666667,1,0,0,0,0
control_raw_critic_target,sa_ghmappo,29,48,5.257826715707779,88.09427614423765,83.71609661567699,82.83644942852987,82.83644942852987,0.6133768541666667,0.3841482708333333,1,1,1,1,0
control_raw_critic_target,sa_ghmappo,43,48,5.123266081015269,88.09427614423765,83.84925226507768,82.97101006322238,82.97101006322238,0.5384573541666666,0.2986354375,1,0.6458333333333334,0.6458333333333334,0.6458333333333334,0
control_raw_critic_target,sa_ghmappo,61,48,6.184650133053462,88.09427614423765,82.79913556696118,81.90962601118419,81.90962601118419,0.5707994791666666,0.38915695833333336,1,1,1,1,0
control_raw_critic_target,mappo,7,48,2.3721677462259927,88.09427614423765,86.5633063179718,85.72210839801166,85.72210839801166,0.580077375,0.3335192291666667,1,1,1,1,0
control_raw_critic_target,mappo,17,48,2.6504618326822915,88.09427614423765,86.29094066670004,85.44381431155536,85.44381431155536,0.5927775208333333,0.3894316666666667,1,1,1,1,0
control_raw_critic_target,mappo,29,48,5.447868227958679,88.09427614423765,83.525941182021,82.64640791627897,82.64640791627897,0.62803225,0.3811459375,1,1,1,1,0
control_raw_critic_target,mappo,43,48,2.427288273970286,88.09427614423765,86.5120669438544,85.66698787026736,85.66698787026736,0.6809345625000001,0.5245464166666667,1,1,1,1,0
control_raw_critic_target,mappo,61,48,2.5752912759780884,88.09427614423765,86.362937284517,85.51898486825957,85.51898486825957,0.403655875,0.09468716666666667,1,0,0,0,0
control_raw_critic_target,ppo,7,48,2.448694740732511,88.09427614423765,86.48957993971804,85.64558140350515,85.64558140350515,0.3010486666666667,0.019296770833333338,1,1,1,1,0
control_raw_critic_target,ppo,17,48,5.869435528914134,88.09427614423765,83.1084725512469,82.22484061532352,82.22484061532352,0.3067106666666667,0.0032915208333333334,0.7291666666666666,0.7291666666666666,0.7291666666666666,0.7291666666666666,0
control_raw_critic_target,ppo,29,48,2.5088746349016824,88.09427614423765,86.43205086887072,85.58540150933597,85.58540150933597,0.2648634166666667,-0.056680416666666664,0,0,0,0,0
control_raw_critic_target,ppo,43,48,6.330378323793411,88.09427614423765,82.65403055688819,81.76389782044424,81.76389782044424,0.09859797916666667,-0.288981375,0,0,0,0,0
control_raw_critic_target,ppo,61,48,2.630784417192141,88.09427614423765,86.3092258426169,85.46349172704551,85.46349172704551,0.25388333333333335,-0.027429104166666666,0.6041666666666666,0.6041666666666666,0.6041666666666666,0.6041666666666666,0
candidate_popart_critic_target,sa_ghmappo,7,48,81.25537640752567,88.09427614423765,13.900294884268426,12.37138853352254,6.838899736711977,0.49799879166666666,0.2106760208333333,0.5416666666666666,0.4583333333333333,0.4583333333333333,0.4583333333333333,0
candidate_popart_critic_target,sa_ghmappo,17,48,83.26902271794253,88.09427614423765,14.082241217610472,12.877716589598315,4.825253426295122,0.616487875,0.3895003541666667,0.6875,0.6458333333333334,0.6458333333333334,0.6458333333333334,0
candidate_popart_critic_target,sa_ghmappo,29,48,63.89034621807582,88.09427614423765,27.06098226360926,24.20392992616183,24.20392992616183,0.47227545833333334,0.2181929375,1,0.4583333333333333,0.4583333333333333,0.4583333333333333,0
candidate_popart_critic_target,sa_ghmappo,43,48,77.45935064678075,88.09427614423765,16.10673859018041,12.524426635109545,10.634925497456909,0.5781460416666667,0.35751522916666667,1,0.7083333333333334,0.7083333333333334,0.7083333333333334,0
candidate_popart_critic_target,sa_ghmappo,61,48,77.87637312355768,88.09427614423765,15.839147228660538,12.513180802587845,10.21790302067997,0.5224544791666667,0.27972254166666666,1,0.6041666666666666,0.6041666666666666,0.6041666666666666,0
candidate_popart_critic_target,mappo,7,48,12.515825820217783,88.09427614423765,76.49368667232024,75.57845032401987,75.57845032401987,0.5944023541666666,0.37421289583333334,1,1,1,1,0
candidate_popart_critic_target,mappo,17,48,16.15497818775755,88.09427614423765,72.90993731494345,71.9392979564801,71.9392979564801,0.39221375,0.073609875,1,0,0.6041666666666666,0.6041666666666666,0.6041666666666666
candidate_popart_critic_target,mappo,29,48,14.586198961901509,88.09427614423765,74.46634236996185,73.50807718233615,73.50807718233615,0.561808125,0.23751804166666668,1,1,1,1,0
candidate_popart_critic_target,mappo,43,48,18.47902698264809,88.09427614423765,70.60826898539489,69.61524916158956,69.61524916158956,0.7710543333333333,0.6628878958333333,1,1,1,1,0
candidate_popart_critic_target,mappo,61,48,42.566861037986364,88.09427614423765,47.08722154833774,45.52741510625129,45.52741510625129,0.22120114583333333,-0.1948800625,0,0,0,0,0
candidate_popart_critic_target,ppo,7,48,15.77766838706076,88.09427614423765,73.27444294415038,72.3166077571769,72.3166077571769,0.29948752083333335,0.019047145833333327,1,1,1,1,0
candidate_popart_critic_target,ppo,17,48,18.52706079262073,88.09427614423765,70.56000594725752,69.56721535161692,69.56721535161692,0.33382422916666665,-0.03446670833333333,0,0,0,0,0
candidate_popart_critic_target,ppo,29,48,14.994809988909928,88.09427614423765,74.06877619929074,73.09946615532772,73.09946615532772,0.27065245833333335,-0.05426289583333333,0,0,0,0,0
candidate_popart_critic_target,ppo,43,48,16.604300150067505,88.09427614423765,72.46524056140025,71.48997599417015,71.48997599417015,0.18670683333333332,-0.11104410416666667,0,0,0,0,0
candidate_popart_critic_target,ppo,61,48,46.71369550995333,88.09427614423765,43.089719775577095,41.38058063428432,41.38058063428432,0.268676125,-0.10704285416666667,0,0,0,0,0
