split,stratum,value,method,row_n,source_window_n,workflow_completion_rate,deadline_violation_rate,action4_attempts,invalid_prepare_attempts
regression,handoff_pressure,high,sa_ghmappo_original,24,8,0.9583333333333334,0.625,119,60
regression,handoff_pressure,high,sa_ghmappo_no_auxiliary,24,8,0.9583333333333334,0.7083333333333334,128,73
regression,handoff_pressure,low,sa_ghmappo_original,12,4,0.9166666666666666,0.25,55,15
regression,handoff_pressure,low,sa_ghmappo_no_auxiliary,12,4,0.9166666666666666,0.25,66,22
regression,link_error_class,matched,sa_ghmappo_original,15,5,1.0,0.4666666666666667,65,19
regression,link_error_class,matched,sa_ghmappo_no_auxiliary,15,5,1.0,0.4,86,28
regression,link_error_class,matched_slow,sa_ghmappo_original,3,1,1.0,1.0,8,8
regression,link_error_class,matched_slow,sa_ghmappo_no_auxiliary,3,1,1.0,1.0,12,12
regression,link_error_class,optimistic,sa_ghmappo_original,9,3,0.8888888888888888,0.2222222222222222,62,21
regression,link_error_class,optimistic,sa_ghmappo_no_auxiliary,9,3,0.8888888888888888,0.3333333333333333,61,24
regression,link_error_class,pessimistic,sa_ghmappo_original,9,3,0.8888888888888888,0.6666666666666666,39,27
regression,link_error_class,pessimistic,sa_ghmappo_no_auxiliary,9,3,0.8888888888888888,0.8888888888888888,35,31
regression,capacity,ample,sa_ghmappo_original,21,7,0.9523809523809523,0.38095238095238093,114,40
regression,capacity,ample,sa_ghmappo_no_auxiliary,21,7,0.9523809523809523,0.42857142857142855,122,46
regression,capacity,tight,sa_ghmappo_original,15,5,0.9333333333333333,0.6666666666666666,60,35
regression,capacity,tight,sa_ghmappo_no_auxiliary,15,5,0.9333333333333333,0.7333333333333333,72,49
regression,sharing,distinct_base,sa_ghmappo_original,15,5,0.9333333333333333,0.6,67,35
regression,sharing,distinct_base,sa_ghmappo_no_auxiliary,15,5,0.9333333333333333,0.7333333333333333,70,39
regression,sharing,shared_base,sa_ghmappo_original,21,7,0.9523809523809523,0.42857142857142855,107,40
regression,sharing,shared_base,sa_ghmappo_no_auxiliary,21,7,0.9523809523809523,0.42857142857142855,124,56
regression,topology_class,branching,sa_ghmappo_original,18,6,0.9444444444444444,0.2777777777777778,105,31
regression,topology_class,branching,sa_ghmappo_no_auxiliary,18,6,0.9444444444444444,0.3333333333333333,112,36
regression,topology_class,simple,sa_ghmappo_original,18,6,0.9444444444444444,0.7222222222222222,69,44
regression,topology_class,simple,sa_ghmappo_no_auxiliary,18,6,0.9444444444444444,0.7777777777777778,82,59
frozen_check,handoff_pressure,high,sa_ghmappo_original,24,8,0.9583333333333334,0.8333333333333334,110,56
frozen_check,handoff_pressure,high,sa_ghmappo_no_auxiliary,24,8,0.9583333333333334,0.7083333333333334,149,86
frozen_check,link_error_class,matched,sa_ghmappo_original,9,3,1.0,0.7777777777777778,50,15
frozen_check,link_error_class,matched,sa_ghmappo_no_auxiliary,9,3,1.0,0.5555555555555556,64,21
frozen_check,link_error_class,matched_slow,sa_ghmappo_original,3,1,1.0,1.0,9,9
frozen_check,link_error_class,matched_slow,sa_ghmappo_no_auxiliary,3,1,1.0,1.0,23,23
frozen_check,link_error_class,optimistic,sa_ghmappo_original,6,2,0.8333333333333334,0.6666666666666666,33,16
frozen_check,link_error_class,optimistic,sa_ghmappo_no_auxiliary,6,2,0.8333333333333334,0.5,35,18
frozen_check,link_error_class,pessimistic,sa_ghmappo_original,6,2,1.0,1.0,18,16
frozen_check,link_error_class,pessimistic,sa_ghmappo_no_auxiliary,6,2,1.0,1.0,27,24
frozen_check,capacity,ample,sa_ghmappo_original,15,5,0.9333333333333333,0.7333333333333333,81,37
frozen_check,capacity,ample,sa_ghmappo_no_auxiliary,15,5,0.9333333333333333,0.5333333333333333,90,46
frozen_check,capacity,tight,sa_ghmappo_original,9,3,1.0,1.0,29,19
frozen_check,capacity,tight,sa_ghmappo_no_auxiliary,9,3,1.0,1.0,59,40
frozen_check,sharing,distinct_base,sa_ghmappo_original,9,3,1.0,0.8888888888888888,39,25
frozen_check,sharing,distinct_base,sa_ghmappo_no_auxiliary,9,3,1.0,0.7777777777777778,45,33
frozen_check,sharing,shared_base,sa_ghmappo_original,15,5,0.9333333333333333,0.8,71,31
frozen_check,sharing,shared_base,sa_ghmappo_no_auxiliary,15,5,0.9333333333333333,0.6666666666666666,104,53
frozen_check,topology_class,branching,sa_ghmappo_original,12,4,0.9166666666666666,0.6666666666666666,71,27
frozen_check,topology_class,branching,sa_ghmappo_no_auxiliary,12,4,0.9166666666666666,0.4166666666666667,75,31
frozen_check,topology_class,simple,sa_ghmappo_original,12,4,1.0,1.0,39,29
frozen_check,topology_class,simple,sa_ghmappo_no_auxiliary,12,4,1.0,1.0,74,55
