instance_id,classification,method,first_action_id,victim_plan,resident_trace,model_transfer_bytes,dynamic_transfer_bytes,total_transfer_bytes,modeled_completion_seconds,completed_node_count,service_failure_count,recompute_seconds,relative_to_offline_reference_seconds
b01_common_full_bundle_prepare_reload,both_paths_common_prepare_and_reload,original_simple_threshold,4,adapter:b1.a0+base:b1 | adapter:b0.a0+base:b0,base:b0+adapter:b0.a0 | base:b1+adapter:b1.a0,251658240,2185,251660425,20.258984999999996,2,0,0.0,0.0
b01_common_full_bundle_prepare_reload,both_paths_common_prepare_and_reload,eviction_aware_recovery,4,adapter:b1.a0+base:b1 | adapter:b0.a0+base:b0,base:b0+adapter:b0.a0 | base:b1+adapter:b1.a0,251658240,2185,251660425,20.258984999999996,2,0,0.0,0.0
b01_common_full_bundle_prepare_reload,both_paths_common_prepare_and_reload,two_step_lookahead,4,adapter:b1.a0+base:b1 | adapter:b0.a0+base:b0,base:b0+adapter:b0.a0 | base:b1+adapter:b1.a0,251658240,2185,251660425,20.258984999999996,2,0,0.0,0.0
b01_common_full_bundle_prepare_reload,both_paths_common_prepare_and_reload,offline_reference,4,adapter:b1.a0+base:b1 | adapter:b0.a0+base:b0,base:b0+adapter:b0.a0 | base:b1+adapter:b1.a0,251658240,2185,251660425,20.258984999999996,2,0,0.0,0.0
b02_current_model_resident_exact_fit,current_model_already_resident,original_simple_threshold,4, | ,base:b0+adapter:b0.a0 | base:b0+adapter:b0.a0+base:b1+adapter:b1.a0,142606336,2185,142608521,11.514832679999998,2,0,0.0,0.0
b02_current_model_resident_exact_fit,current_model_already_resident,eviction_aware_recovery,4, | ,base:b0+adapter:b0.a0 | base:b0+adapter:b0.a0+base:b1+adapter:b1.a0,142606336,2185,142608521,11.514832679999998,2,0,0.0,0.0
b02_current_model_resident_exact_fit,current_model_already_resident,two_step_lookahead,4, | ,base:b0+adapter:b0.a0 | base:b0+adapter:b0.a0+base:b1+adapter:b1.a0,142606336,2185,142608521,11.514832679999998,2,0,0.0,0.0
b02_current_model_resident_exact_fit,current_model_already_resident,offline_reference,4, | ,base:b0+adapter:b0.a0 | base:b0+adapter:b0.a0+base:b1+adapter:b1.a0,142606336,2185,142608521,11.514832679999998,2,0,0.0,0.0
b03_shared_base_dependency_retained,shared_base_retained_adapter_dependency,original_simple_threshold,4,adapter:b0.a1 | adapter:b0.a0,base:b0+adapter:b0.a0 | base:b0+adapter:b0.a1,16777216,2185,16779401,1.46850308,2,0,0.0,0.0
b03_shared_base_dependency_retained,shared_base_retained_adapter_dependency,eviction_aware_recovery,4,adapter:b0.a1 | adapter:b0.a0,base:b0+adapter:b0.a0 | base:b0+adapter:b0.a1,16777216,2185,16779401,1.46850308,2,0,0.0,0.0
b03_shared_base_dependency_retained,shared_base_retained_adapter_dependency,two_step_lookahead,4,adapter:b0.a1 | adapter:b0.a0,base:b0+adapter:b0.a0 | base:b0+adapter:b0.a1,16777216,2185,16779401,1.46850308,2,0,0.0,0.0
b03_shared_base_dependency_retained,shared_base_retained_adapter_dependency,offline_reference,4,adapter:b0.a1 | adapter:b0.a0,base:b0+adapter:b0.a0 | base:b0+adapter:b0.a1,16777216,2185,16779401,1.46850308,2,0,0.0,0.0
b04_ample_capacity_no_eviction,ample_capacity_no_eviction,original_simple_threshold,4, | ,base:b0+adapter:b0.a0 | base:b0+adapter:b0.a0+base:b1+adapter:b1.a0,251658240,2185,251660425,20.258984999999996,2,0,0.0,0.0
b04_ample_capacity_no_eviction,ample_capacity_no_eviction,eviction_aware_recovery,4, | ,base:b0+adapter:b0.a0 | base:b0+adapter:b0.a0+base:b1+adapter:b1.a0,251658240,2185,251660425,20.258984999999996,2,0,0.0,0.0
b04_ample_capacity_no_eviction,ample_capacity_no_eviction,two_step_lookahead,4, | ,base:b0+adapter:b0.a0 | base:b0+adapter:b0.a0+base:b1+adapter:b1.a0,251658240,2185,251660425,20.258984999999996,2,0,0.0,0.0
b04_ample_capacity_no_eviction,ample_capacity_no_eviction,offline_reference,4, | ,base:b0+adapter:b0.a0 | base:b0+adapter:b0.a0+base:b1+adapter:b1.a0,251658240,2185,251660425,20.258984999999996,2,0,0.0,0.0
b05_boundary_actual_200_estimate_1000,near_break_even_link_estimate_bias,original_simple_threshold,0, | ,base:b0+adapter:b0.a0+adapter:b0.a1 | base:b0+adapter:b0.a0+adapter:b0.a1,0,192757,192757,0.08771028,2,0,0.0,0.0014718800000000087
b05_boundary_actual_200_estimate_1000,near_break_even_link_estimate_bias,eviction_aware_recovery,0, | ,base:b0+adapter:b0.a0+adapter:b0.a1 | base:b0+adapter:b0.a0+adapter:b0.a1,0,192757,192757,0.08771028,2,0,0.0,0.0014718800000000087
b05_boundary_actual_200_estimate_1000,near_break_even_link_estimate_bias,two_step_lookahead,0, | ,base:b0+adapter:b0.a0+adapter:b0.a1 | base:b0+adapter:b0.a0+adapter:b0.a1,0,192757,192757,0.08771028,2,0,0.0,0.0014718800000000087
b05_boundary_actual_200_estimate_1000,near_break_even_link_estimate_bias,offline_reference,4, | ,base:b0+adapter:b0.a0+adapter:b0.a1 | base:b0+adapter:b0.a0+adapter:b0.a1,0,2185,2185,0.08623839999999999,2,0,0.0,0.0
b06_boundary_actual_1000_estimate_200,near_break_even_link_estimate_bias,original_simple_threshold,4, | ,base:b0+adapter:b0.a0+adapter:b0.a1 | base:b0+adapter:b0.a0+adapter:b0.a1,0,2185,2185,0.08616847999999999,2,0,0.0,0.00462642399999999
b06_boundary_actual_1000_estimate_200,near_break_even_link_estimate_bias,eviction_aware_recovery,4, | ,base:b0+adapter:b0.a0+adapter:b0.a1 | base:b0+adapter:b0.a0+adapter:b0.a1,0,2185,2185,0.08616847999999999,2,0,0.0,0.00462642399999999
b06_boundary_actual_1000_estimate_200,near_break_even_link_estimate_bias,two_step_lookahead,4, | ,base:b0+adapter:b0.a0+adapter:b0.a1 | base:b0+adapter:b0.a0+adapter:b0.a1,0,2185,2185,0.08616847999999999,2,0,0.0,0.00462642399999999
b06_boundary_actual_1000_estimate_200,near_break_even_link_estimate_bias,offline_reference,0, | ,base:b0+adapter:b0.a0+adapter:b0.a1 | base:b0+adapter:b0.a0+adapter:b0.a1,0,192757,192757,0.081542056,2,0,0.0,0.0
