stratum,value,method,row_n,source_window_n,workflow_completion_rate,node_coverage_rate,action4_failure_rate,max_consecutive_no_progress_steps
handoff_pressure,high,mappo,48,16,1.0,1.0,0.36213991769547327,0.3125
handoff_pressure,low,mappo,12,4,1.0,1.0,0.0625,0.16666666666666666
handoff_pressure,high,ppo,48,16,1.0,1.0,0.0,0.0
handoff_pressure,low,ppo,12,4,1.0,1.0,0.0,0.0
handoff_pressure,high,sa_ghmappo,48,16,0.9583333333333334,0.9923611111111112,0.519650655021834,0.8125
handoff_pressure,low,sa_ghmappo,12,4,0.9166666666666666,0.9880952380952381,0.23636363636363636,1.1666666666666667
handoff_pressure,high,two_step_cost_rule,16,16,1.0,1.0,0.16666666666666666,0.0
handoff_pressure,low,two_step_cost_rule,4,4,1.0,1.0,0.0,0.0
link_error_class,matched,mappo,24,8,1.0,1.0,0.13846153846153847,0.5416666666666666
link_error_class,matched_slow,mappo,6,2,1.0,1.0,1.0,0.0
link_error_class,optimistic,mappo,15,5,1.0,1.0,0.16326530612244897,0.26666666666666666
link_error_class,pessimistic,mappo,15,5,1.0,1.0,0.5961538461538461,0.0
link_error_class,matched,ppo,24,8,1.0,1.0,0.0,0.0
link_error_class,matched_slow,ppo,6,2,1.0,1.0,0.0,0.0
link_error_class,optimistic,ppo,15,5,1.0,1.0,0.0,0.0
link_error_class,pessimistic,ppo,15,5,1.0,1.0,0.0,0.0
link_error_class,matched,sa_ghmappo,24,8,1.0,1.0,0.2956521739130435,1.0416666666666667
link_error_class,matched_slow,sa_ghmappo,6,2,1.0,1.0,1.0,0.5
link_error_class,optimistic,sa_ghmappo,15,5,0.8666666666666667,0.9755555555555556,0.4421052631578947,0.8
link_error_class,pessimistic,sa_ghmappo,15,5,0.9333333333333333,0.9904761904761905,0.6842105263157895,0.8666666666666667
link_error_class,matched,two_step_cost_rule,8,8,1.0,1.0,0.0,0.0
link_error_class,matched_slow,two_step_cost_rule,2,2,1.0,1.0,0.0,0.0
link_error_class,optimistic,two_step_cost_rule,5,5,1.0,1.0,0.3333333333333333,0.0
link_error_class,pessimistic,two_step_cost_rule,5,5,1.0,1.0,0.0,0.0
capacity,ample,mappo,36,12,1.0,1.0,0.23529411764705882,0.2777777777777778
capacity,tight,mappo,24,8,1.0,1.0,0.42718446601941745,0.2916666666666667
capacity,ample,ppo,36,12,1.0,1.0,0.0,0.0
capacity,tight,ppo,24,8,1.0,1.0,0.0,0.0
capacity,ample,sa_ghmappo,36,12,0.9444444444444444,0.9898148148148148,0.4205128205128205,0.75
capacity,tight,sa_ghmappo,24,8,0.9583333333333334,0.9940476190476191,0.5617977528089888,1.0833333333333333
capacity,ample,two_step_cost_rule,12,12,1.0,1.0,0.2,0.0
capacity,tight,two_step_cost_rule,8,8,1.0,1.0,0.0,0.0
sharing,distinct_base,mappo,24,8,1.0,1.0,0.38095238095238093,0.25
sharing,shared_base,mappo,36,12,1.0,1.0,0.25742574257425743,0.3055555555555556
sharing,distinct_base,ppo,24,8,1.0,1.0,0.0,0.0
sharing,shared_base,ppo,36,12,1.0,1.0,0.0,0.0
sharing,distinct_base,sa_ghmappo,24,8,0.9583333333333334,0.9940476190476191,0.5283018867924528,0.875
sharing,shared_base,sa_ghmappo,36,12,0.9444444444444444,0.9898148148148148,0.42696629213483145,0.8888888888888888
sharing,distinct_base,two_step_cost_rule,8,8,1.0,1.0,0.0,0.0
sharing,shared_base,two_step_cost_rule,12,12,1.0,1.0,0.16666666666666666,0.0
topology_class,branching,mappo,30,10,1.0,1.0,0.13812154696132597,0.3333333333333333
topology_class,simple,mappo,30,10,1.0,1.0,0.5317460317460317,0.23333333333333334
topology_class,branching,ppo,30,10,1.0,1.0,0.0,0.0
topology_class,simple,ppo,30,10,1.0,1.0,0.0,0.0
topology_class,branching,sa_ghmappo,30,10,0.9333333333333333,0.9877777777777778,0.35795454545454547,0.8
topology_class,simple,sa_ghmappo,30,10,0.9666666666666667,0.9952380952380953,0.6388888888888888,0.9666666666666667
topology_class,branching,two_step_cost_rule,10,10,1.0,1.0,0.2,0.0
topology_class,simple,two_step_cost_rule,10,10,1.0,1.0,0.0,0.0
