audit_sequence_index,config_id,request_index,adapter_id,reference_loaded_bytes,native_loaded_bytes,reference_evicted_ids,native_evicted_ids,native_transaction_status,native_admission_rejection_reason,native_pre_full_hit,native_post_service_success,native_origin_execution,differing_fields
0,interleaved__sharing_on,0,b0.a0,109051904,109051904,[],[],committed,,False,True,False,[]
1,interleaved__sharing_on,1,b1.a0,142606336,0,"[""b0.a0"",""b0""]",[],rolled_back_no_mutation,insufficient_dependency_safe_evictable_capacity,False,False,False,"[""resident_after"",""evicted_objects"",""loaded_base_bytes"",""loaded_adapter_bytes"",""loaded_bytes"",""resident_bytes_after""]"
2,interleaved__sharing_on,2,b0.a1,109051904,8388608,"[""b1.a0"",""b1""]",[],committed,,False,True,False,"[""pre_base_hit"",""resident_before"",""resident_after"",""evicted_objects"",""loaded_base_bytes"",""loaded_bytes"",""resident_bytes_after""]"
3,interleaved__sharing_on,3,b1.a1,142606336,0,"[""b0.a1"",""b0""]",[],rolled_back_no_mutation,insufficient_dependency_safe_evictable_capacity,False,False,False,"[""resident_before"",""resident_after"",""evicted_objects"",""loaded_base_bytes"",""loaded_adapter_bytes"",""loaded_bytes"",""resident_bytes_after""]"
4,interleaved__sharing_on,4,b0.a2,109051904,8388608,"[""b1.a1"",""b1""]",[],committed,,False,True,False,"[""pre_base_hit"",""resident_before"",""resident_after"",""evicted_objects"",""loaded_base_bytes"",""loaded_bytes"",""resident_bytes_after""]"
5,interleaved__sharing_on,5,b1.a2,142606336,0,"[""b0.a2"",""b0""]",[],rolled_back_no_mutation,insufficient_dependency_safe_evictable_capacity,False,False,False,"[""resident_before"",""resident_after"",""evicted_objects"",""loaded_base_bytes"",""loaded_adapter_bytes"",""loaded_bytes"",""resident_bytes_after""]"
6,interleaved__sharing_on,6,b0.a0,109051904,0,"[""b1.a2"",""b1""]",[],noop_all_resident,,True,True,False,"[""pre_base_hit"",""pre_adapter_hit"",""pre_full_hit"",""resident_before"",""resident_after"",""evicted_objects"",""loaded_base_bytes"",""loaded_adapter_bytes"",""loaded_bytes"",""resident_bytes_after""]"
7,interleaved__sharing_on,7,b1.a0,142606336,0,"[""b0.a0"",""b0""]",[],rolled_back_no_mutation,insufficient_dependency_safe_evictable_capacity,False,False,False,"[""resident_before"",""resident_after"",""evicted_objects"",""loaded_base_bytes"",""loaded_adapter_bytes"",""loaded_bytes"",""resident_bytes_after""]"
8,interleaved__sharing_on,8,b0.a1,109051904,0,"[""b1.a0"",""b1""]",[],noop_all_resident,,True,True,False,"[""pre_base_hit"",""pre_adapter_hit"",""pre_full_hit"",""resident_before"",""resident_after"",""evicted_objects"",""loaded_base_bytes"",""loaded_adapter_bytes"",""loaded_bytes"",""resident_bytes_after""]"
9,interleaved__sharing_on,9,b1.a1,142606336,0,"[""b0.a1"",""b0""]",[],rolled_back_no_mutation,insufficient_dependency_safe_evictable_capacity,False,False,False,"[""resident_before"",""resident_after"",""evicted_objects"",""loaded_base_bytes"",""loaded_adapter_bytes"",""loaded_bytes"",""resident_bytes_after""]"
10,interleaved__sharing_on,10,b0.a2,109051904,0,"[""b1.a1"",""b1""]",[],noop_all_resident,,True,True,False,"[""pre_base_hit"",""pre_adapter_hit"",""pre_full_hit"",""resident_before"",""resident_after"",""evicted_objects"",""loaded_base_bytes"",""loaded_adapter_bytes"",""loaded_bytes"",""resident_bytes_after""]"
11,interleaved__sharing_on,11,b1.a2,142606336,0,"[""b0.a2"",""b0""]",[],rolled_back_no_mutation,insufficient_dependency_safe_evictable_capacity,False,False,False,"[""resident_before"",""resident_after"",""evicted_objects"",""loaded_base_bytes"",""loaded_adapter_bytes"",""loaded_bytes"",""resident_bytes_after""]"
12,interleaved__sharing_on,12,b0.a0,109051904,0,"[""b1.a2"",""b1""]",[],noop_all_resident,,True,True,False,"[""pre_base_hit"",""pre_adapter_hit"",""pre_full_hit"",""resident_before"",""resident_after"",""evicted_objects"",""loaded_base_bytes"",""loaded_adapter_bytes"",""loaded_bytes"",""resident_bytes_after""]"
13,interleaved__sharing_on,13,b1.a0,142606336,0,"[""b0.a0"",""b0""]",[],rolled_back_no_mutation,insufficient_dependency_safe_evictable_capacity,False,False,False,"[""resident_before"",""resident_after"",""evicted_objects"",""loaded_base_bytes"",""loaded_adapter_bytes"",""loaded_bytes"",""resident_bytes_after""]"
14,interleaved__sharing_on,14,b0.a1,109051904,0,"[""b1.a0"",""b1""]",[],noop_all_resident,,True,True,False,"[""pre_base_hit"",""pre_adapter_hit"",""pre_full_hit"",""resident_before"",""resident_after"",""evicted_objects"",""loaded_base_bytes"",""loaded_adapter_bytes"",""loaded_bytes"",""resident_bytes_after""]"
15,interleaved__sharing_on,15,b1.a1,142606336,0,"[""b0.a1"",""b0""]",[],rolled_back_no_mutation,insufficient_dependency_safe_evictable_capacity,False,False,False,"[""resident_before"",""resident_after"",""evicted_objects"",""loaded_base_bytes"",""loaded_adapter_bytes"",""loaded_bytes"",""resident_bytes_after""]"
16,interleaved__sharing_on,16,b0.a2,109051904,0,"[""b1.a1"",""b1""]",[],noop_all_resident,,True,True,False,"[""pre_base_hit"",""pre_adapter_hit"",""pre_full_hit"",""resident_before"",""resident_after"",""evicted_objects"",""loaded_base_bytes"",""loaded_adapter_bytes"",""loaded_bytes"",""resident_bytes_after""]"
17,interleaved__sharing_on,17,b1.a2,142606336,0,"[""b0.a2"",""b0""]",[],rolled_back_no_mutation,insufficient_dependency_safe_evictable_capacity,False,False,False,"[""resident_before"",""resident_after"",""evicted_objects"",""loaded_base_bytes"",""loaded_adapter_bytes"",""loaded_bytes"",""resident_bytes_after""]"
18,interleaved__sharing_on,18,b0.a0,109051904,0,"[""b1.a2"",""b1""]",[],noop_all_resident,,True,True,False,"[""pre_base_hit"",""pre_adapter_hit"",""pre_full_hit"",""resident_before"",""resident_after"",""evicted_objects"",""loaded_base_bytes"",""loaded_adapter_bytes"",""loaded_bytes"",""resident_bytes_after""]"
19,interleaved__sharing_on,19,b1.a0,142606336,0,"[""b0.a0"",""b0""]",[],rolled_back_no_mutation,insufficient_dependency_safe_evictable_capacity,False,False,False,"[""resident_before"",""resident_after"",""evicted_objects"",""loaded_base_bytes"",""loaded_adapter_bytes"",""loaded_bytes"",""resident_bytes_after""]"
20,interleaved__sharing_on,20,b0.a1,109051904,0,"[""b1.a0"",""b1""]",[],noop_all_resident,,True,True,False,"[""pre_base_hit"",""pre_adapter_hit"",""pre_full_hit"",""resident_before"",""resident_after"",""evicted_objects"",""loaded_base_bytes"",""loaded_adapter_bytes"",""loaded_bytes"",""resident_bytes_after""]"
21,interleaved__sharing_on,21,b1.a1,142606336,0,"[""b0.a1"",""b0""]",[],rolled_back_no_mutation,insufficient_dependency_safe_evictable_capacity,False,False,False,"[""resident_before"",""resident_after"",""evicted_objects"",""loaded_base_bytes"",""loaded_adapter_bytes"",""loaded_bytes"",""resident_bytes_after""]"
22,interleaved__sharing_on,22,b0.a2,109051904,0,"[""b1.a1"",""b1""]",[],noop_all_resident,,True,True,False,"[""pre_base_hit"",""pre_adapter_hit"",""pre_full_hit"",""resident_before"",""resident_after"",""evicted_objects"",""loaded_base_bytes"",""loaded_adapter_bytes"",""loaded_bytes"",""resident_bytes_after""]"
23,interleaved__sharing_on,23,b1.a2,142606336,0,"[""b0.a2"",""b0""]",[],rolled_back_no_mutation,insufficient_dependency_safe_evictable_capacity,False,False,False,"[""resident_before"",""resident_after"",""evicted_objects"",""loaded_base_bytes"",""loaded_adapter_bytes"",""loaded_bytes"",""resident_bytes_after""]"
24,interleaved__sharing_on,24,b0.a0,109051904,0,"[""b1.a2"",""b1""]",[],noop_all_resident,,True,True,False,"[""pre_base_hit"",""pre_adapter_hit"",""pre_full_hit"",""resident_before"",""resident_after"",""evicted_objects"",""loaded_base_bytes"",""loaded_adapter_bytes"",""loaded_bytes"",""resident_bytes_after""]"
25,interleaved__sharing_on,25,b1.a0,142606336,0,"[""b0.a0"",""b0""]",[],rolled_back_no_mutation,insufficient_dependency_safe_evictable_capacity,False,False,False,"[""resident_before"",""resident_after"",""evicted_objects"",""loaded_base_bytes"",""loaded_adapter_bytes"",""loaded_bytes"",""resident_bytes_after""]"
26,interleaved__sharing_on,26,b0.a1,109051904,0,"[""b1.a0"",""b1""]",[],noop_all_resident,,True,True,False,"[""pre_base_hit"",""pre_adapter_hit"",""pre_full_hit"",""resident_before"",""resident_after"",""evicted_objects"",""loaded_base_bytes"",""loaded_adapter_bytes"",""loaded_bytes"",""resident_bytes_after""]"
27,interleaved__sharing_on,27,b1.a1,142606336,0,"[""b0.a1"",""b0""]",[],rolled_back_no_mutation,insufficient_dependency_safe_evictable_capacity,False,False,False,"[""resident_before"",""resident_after"",""evicted_objects"",""loaded_base_bytes"",""loaded_adapter_bytes"",""loaded_bytes"",""resident_bytes_after""]"
28,interleaved__sharing_on,28,b0.a2,109051904,0,"[""b1.a1"",""b1""]",[],noop_all_resident,,True,True,False,"[""pre_base_hit"",""pre_adapter_hit"",""pre_full_hit"",""resident_before"",""resident_after"",""evicted_objects"",""loaded_base_bytes"",""loaded_adapter_bytes"",""loaded_bytes"",""resident_bytes_after""]"
29,interleaved__sharing_on,29,b1.a2,142606336,0,"[""b0.a2"",""b0""]",[],rolled_back_no_mutation,insufficient_dependency_safe_evictable_capacity,False,False,False,"[""resident_before"",""resident_after"",""evicted_objects"",""loaded_base_bytes"",""loaded_adapter_bytes"",""loaded_bytes"",""resident_bytes_after""]"
30,interleaved__sharing_on,30,b0.a0,109051904,0,"[""b1.a2"",""b1""]",[],noop_all_resident,,True,True,False,"[""pre_base_hit"",""pre_adapter_hit"",""pre_full_hit"",""resident_before"",""resident_after"",""evicted_objects"",""loaded_base_bytes"",""loaded_adapter_bytes"",""loaded_bytes"",""resident_bytes_after""]"
31,interleaved__sharing_on,31,b1.a0,142606336,0,"[""b0.a0"",""b0""]",[],rolled_back_no_mutation,insufficient_dependency_safe_evictable_capacity,False,False,False,"[""resident_before"",""resident_after"",""evicted_objects"",""loaded_base_bytes"",""loaded_adapter_bytes"",""loaded_bytes"",""resident_bytes_after""]"
32,interleaved__sharing_on,32,b0.a1,109051904,0,"[""b1.a0"",""b1""]",[],noop_all_resident,,True,True,False,"[""pre_base_hit"",""pre_adapter_hit"",""pre_full_hit"",""resident_before"",""resident_after"",""evicted_objects"",""loaded_base_bytes"",""loaded_adapter_bytes"",""loaded_bytes"",""resident_bytes_after""]"
33,interleaved__sharing_on,33,b1.a1,142606336,0,"[""b0.a1"",""b0""]",[],rolled_back_no_mutation,insufficient_dependency_safe_evictable_capacity,False,False,False,"[""resident_before"",""resident_after"",""evicted_objects"",""loaded_base_bytes"",""loaded_adapter_bytes"",""loaded_bytes"",""resident_bytes_after""]"
34,interleaved__sharing_on,34,b0.a2,109051904,0,"[""b1.a1"",""b1""]",[],noop_all_resident,,True,True,False,"[""pre_base_hit"",""pre_adapter_hit"",""pre_full_hit"",""resident_before"",""resident_after"",""evicted_objects"",""loaded_base_bytes"",""loaded_adapter_bytes"",""loaded_bytes"",""resident_bytes_after""]"
35,interleaved__sharing_on,35,b1.a2,142606336,0,"[""b0.a2"",""b0""]",[],rolled_back_no_mutation,insufficient_dependency_safe_evictable_capacity,False,False,False,"[""resident_before"",""resident_after"",""evicted_objects"",""loaded_base_bytes"",""loaded_adapter_bytes"",""loaded_bytes"",""resident_bytes_after""]"
36,interleaved__sharing_on,36,b0.a0,109051904,0,"[""b1.a2"",""b1""]",[],noop_all_resident,,True,True,False,"[""pre_base_hit"",""pre_adapter_hit"",""pre_full_hit"",""resident_before"",""resident_after"",""evicted_objects"",""loaded_base_bytes"",""loaded_adapter_bytes"",""loaded_bytes"",""resident_bytes_after""]"
37,interleaved__sharing_on,37,b1.a0,142606336,0,"[""b0.a0"",""b0""]",[],rolled_back_no_mutation,insufficient_dependency_safe_evictable_capacity,False,False,False,"[""resident_before"",""resident_after"",""evicted_objects"",""loaded_base_bytes"",""loaded_adapter_bytes"",""loaded_bytes"",""resident_bytes_after""]"
38,interleaved__sharing_on,38,b0.a1,109051904,0,"[""b1.a0"",""b1""]",[],noop_all_resident,,True,True,False,"[""pre_base_hit"",""pre_adapter_hit"",""pre_full_hit"",""resident_before"",""resident_after"",""evicted_objects"",""loaded_base_bytes"",""loaded_adapter_bytes"",""loaded_bytes"",""resident_bytes_after""]"
39,interleaved__sharing_on,39,b1.a1,142606336,0,"[""b0.a1"",""b0""]",[],rolled_back_no_mutation,insufficient_dependency_safe_evictable_capacity,False,False,False,"[""resident_before"",""resident_after"",""evicted_objects"",""loaded_base_bytes"",""loaded_adapter_bytes"",""loaded_bytes"",""resident_bytes_after""]"
40,interleaved__sharing_on,40,b0.a2,109051904,0,"[""b1.a1"",""b1""]",[],noop_all_resident,,True,True,False,"[""pre_base_hit"",""pre_adapter_hit"",""pre_full_hit"",""resident_before"",""resident_after"",""evicted_objects"",""loaded_base_bytes"",""loaded_adapter_bytes"",""loaded_bytes"",""resident_bytes_after""]"
41,interleaved__sharing_on,41,b1.a2,142606336,0,"[""b0.a2"",""b0""]",[],rolled_back_no_mutation,insufficient_dependency_safe_evictable_capacity,False,False,False,"[""resident_before"",""resident_after"",""evicted_objects"",""loaded_base_bytes"",""loaded_adapter_bytes"",""loaded_bytes"",""resident_bytes_after""]"
42,interleaved__sharing_on,42,b0.a0,109051904,0,"[""b1.a2"",""b1""]",[],noop_all_resident,,True,True,False,"[""pre_base_hit"",""pre_adapter_hit"",""pre_full_hit"",""resident_before"",""resident_after"",""evicted_objects"",""loaded_base_bytes"",""loaded_adapter_bytes"",""loaded_bytes"",""resident_bytes_after""]"
43,interleaved__sharing_on,43,b1.a0,142606336,0,"[""b0.a0"",""b0""]",[],rolled_back_no_mutation,insufficient_dependency_safe_evictable_capacity,False,False,False,"[""resident_before"",""resident_after"",""evicted_objects"",""loaded_base_bytes"",""loaded_adapter_bytes"",""loaded_bytes"",""resident_bytes_after""]"
44,interleaved__sharing_on,44,b0.a1,109051904,0,"[""b1.a0"",""b1""]",[],noop_all_resident,,True,True,False,"[""pre_base_hit"",""pre_adapter_hit"",""pre_full_hit"",""resident_before"",""resident_after"",""evicted_objects"",""loaded_base_bytes"",""loaded_adapter_bytes"",""loaded_bytes"",""resident_bytes_after""]"
45,interleaved__sharing_on,45,b1.a1,142606336,0,"[""b0.a1"",""b0""]",[],rolled_back_no_mutation,insufficient_dependency_safe_evictable_capacity,False,False,False,"[""resident_before"",""resident_after"",""evicted_objects"",""loaded_base_bytes"",""loaded_adapter_bytes"",""loaded_bytes"",""resident_bytes_after""]"
46,interleaved__sharing_on,46,b0.a2,109051904,0,"[""b1.a1"",""b1""]",[],noop_all_resident,,True,True,False,"[""pre_base_hit"",""pre_adapter_hit"",""pre_full_hit"",""resident_before"",""resident_after"",""evicted_objects"",""loaded_base_bytes"",""loaded_adapter_bytes"",""loaded_bytes"",""resident_bytes_after""]"
47,interleaved__sharing_on,47,b1.a2,142606336,0,"[""b0.a2"",""b0""]",[],rolled_back_no_mutation,insufficient_dependency_safe_evictable_capacity,False,False,False,"[""resident_before"",""resident_after"",""evicted_objects"",""loaded_base_bytes"",""loaded_adapter_bytes"",""loaded_bytes"",""resident_bytes_after""]"
48,interleaved__sharing_on,48,b0.a0,109051904,0,"[""b1.a2"",""b1""]",[],noop_all_resident,,True,True,False,"[""pre_base_hit"",""pre_adapter_hit"",""pre_full_hit"",""resident_before"",""resident_after"",""evicted_objects"",""loaded_base_bytes"",""loaded_adapter_bytes"",""loaded_bytes"",""resident_bytes_after""]"
49,interleaved__sharing_on,49,b1.a0,142606336,0,"[""b0.a0"",""b0""]",[],rolled_back_no_mutation,insufficient_dependency_safe_evictable_capacity,False,False,False,"[""resident_before"",""resident_after"",""evicted_objects"",""loaded_base_bytes"",""loaded_adapter_bytes"",""loaded_bytes"",""resident_bytes_after""]"
50,interleaved__sharing_on,50,b0.a1,109051904,0,"[""b1.a0"",""b1""]",[],noop_all_resident,,True,True,False,"[""pre_base_hit"",""pre_adapter_hit"",""pre_full_hit"",""resident_before"",""resident_after"",""evicted_objects"",""loaded_base_bytes"",""loaded_adapter_bytes"",""loaded_bytes"",""resident_bytes_after""]"
51,interleaved__sharing_on,51,b1.a1,142606336,0,"[""b0.a1"",""b0""]",[],rolled_back_no_mutation,insufficient_dependency_safe_evictable_capacity,False,False,False,"[""resident_before"",""resident_after"",""evicted_objects"",""loaded_base_bytes"",""loaded_adapter_bytes"",""loaded_bytes"",""resident_bytes_after""]"
52,interleaved__sharing_on,52,b0.a2,109051904,0,"[""b1.a1"",""b1""]",[],noop_all_resident,,True,True,False,"[""pre_base_hit"",""pre_adapter_hit"",""pre_full_hit"",""resident_before"",""resident_after"",""evicted_objects"",""loaded_base_bytes"",""loaded_adapter_bytes"",""loaded_bytes"",""resident_bytes_after""]"
53,interleaved__sharing_on,53,b1.a2,142606336,0,"[""b0.a2"",""b0""]",[],rolled_back_no_mutation,insufficient_dependency_safe_evictable_capacity,False,False,False,"[""resident_before"",""resident_after"",""evicted_objects"",""loaded_base_bytes"",""loaded_adapter_bytes"",""loaded_bytes"",""resident_bytes_after""]"
54,interleaved__sharing_on,54,b0.a0,109051904,0,"[""b1.a2"",""b1""]",[],noop_all_resident,,True,True,False,"[""pre_base_hit"",""pre_adapter_hit"",""pre_full_hit"",""resident_before"",""resident_after"",""evicted_objects"",""loaded_base_bytes"",""loaded_adapter_bytes"",""loaded_bytes"",""resident_bytes_after""]"
55,interleaved__sharing_on,55,b1.a0,142606336,0,"[""b0.a0"",""b0""]",[],rolled_back_no_mutation,insufficient_dependency_safe_evictable_capacity,False,False,False,"[""resident_before"",""resident_after"",""evicted_objects"",""loaded_base_bytes"",""loaded_adapter_bytes"",""loaded_bytes"",""resident_bytes_after""]"
56,interleaved__sharing_on,56,b0.a1,109051904,0,"[""b1.a0"",""b1""]",[],noop_all_resident,,True,True,False,"[""pre_base_hit"",""pre_adapter_hit"",""pre_full_hit"",""resident_before"",""resident_after"",""evicted_objects"",""loaded_base_bytes"",""loaded_adapter_bytes"",""loaded_bytes"",""resident_bytes_after""]"
57,interleaved__sharing_on,57,b1.a1,142606336,0,"[""b0.a1"",""b0""]",[],rolled_back_no_mutation,insufficient_dependency_safe_evictable_capacity,False,False,False,"[""resident_before"",""resident_after"",""evicted_objects"",""loaded_base_bytes"",""loaded_adapter_bytes"",""loaded_bytes"",""resident_bytes_after""]"
58,interleaved__sharing_on,58,b0.a2,109051904,0,"[""b1.a1"",""b1""]",[],noop_all_resident,,True,True,False,"[""pre_base_hit"",""pre_adapter_hit"",""pre_full_hit"",""resident_before"",""resident_after"",""evicted_objects"",""loaded_base_bytes"",""loaded_adapter_bytes"",""loaded_bytes"",""resident_bytes_after""]"
59,interleaved__sharing_on,59,b1.a2,142606336,0,"[""b0.a2"",""b0""]",[],rolled_back_no_mutation,insufficient_dependency_safe_evictable_capacity,False,False,False,"[""resident_before"",""resident_after"",""evicted_objects"",""loaded_base_bytes"",""loaded_adapter_bytes"",""loaded_bytes"",""resident_bytes_after""]"
60,interleaved__sharing_on,60,b0.a0,109051904,0,"[""b1.a2"",""b1""]",[],noop_all_resident,,True,True,False,"[""pre_base_hit"",""pre_adapter_hit"",""pre_full_hit"",""resident_before"",""resident_after"",""evicted_objects"",""loaded_base_bytes"",""loaded_adapter_bytes"",""loaded_bytes"",""resident_bytes_after""]"
61,interleaved__sharing_on,61,b1.a0,142606336,0,"[""b0.a0"",""b0""]",[],rolled_back_no_mutation,insufficient_dependency_safe_evictable_capacity,False,False,False,"[""resident_before"",""resident_after"",""evicted_objects"",""loaded_base_bytes"",""loaded_adapter_bytes"",""loaded_bytes"",""resident_bytes_after""]"
62,interleaved__sharing_on,62,b0.a1,109051904,0,"[""b1.a0"",""b1""]",[],noop_all_resident,,True,True,False,"[""pre_base_hit"",""pre_adapter_hit"",""pre_full_hit"",""resident_before"",""resident_after"",""evicted_objects"",""loaded_base_bytes"",""loaded_adapter_bytes"",""loaded_bytes"",""resident_bytes_after""]"
63,interleaved__sharing_on,63,b1.a1,142606336,0,"[""b0.a1"",""b0""]",[],rolled_back_no_mutation,insufficient_dependency_safe_evictable_capacity,False,False,False,"[""resident_before"",""resident_after"",""evicted_objects"",""loaded_base_bytes"",""loaded_adapter_bytes"",""loaded_bytes"",""resident_bytes_after""]"
64,interleaved__sharing_on,64,b0.a2,109051904,0,"[""b1.a1"",""b1""]",[],noop_all_resident,,True,True,False,"[""pre_base_hit"",""pre_adapter_hit"",""pre_full_hit"",""resident_before"",""resident_after"",""evicted_objects"",""loaded_base_bytes"",""loaded_adapter_bytes"",""loaded_bytes"",""resident_bytes_after""]"
65,interleaved__sharing_on,65,b1.a2,142606336,0,"[""b0.a2"",""b0""]",[],rolled_back_no_mutation,insufficient_dependency_safe_evictable_capacity,False,False,False,"[""resident_before"",""resident_after"",""evicted_objects"",""loaded_base_bytes"",""loaded_adapter_bytes"",""loaded_bytes"",""resident_bytes_after""]"
66,interleaved__sharing_on,66,b0.a0,109051904,0,"[""b1.a2"",""b1""]",[],noop_all_resident,,True,True,False,"[""pre_base_hit"",""pre_adapter_hit"",""pre_full_hit"",""resident_before"",""resident_after"",""evicted_objects"",""loaded_base_bytes"",""loaded_adapter_bytes"",""loaded_bytes"",""resident_bytes_after""]"
67,interleaved__sharing_on,67,b1.a0,142606336,0,"[""b0.a0"",""b0""]",[],rolled_back_no_mutation,insufficient_dependency_safe_evictable_capacity,False,False,False,"[""resident_before"",""resident_after"",""evicted_objects"",""loaded_base_bytes"",""loaded_adapter_bytes"",""loaded_bytes"",""resident_bytes_after""]"
68,interleaved__sharing_on,68,b0.a1,109051904,0,"[""b1.a0"",""b1""]",[],noop_all_resident,,True,True,False,"[""pre_base_hit"",""pre_adapter_hit"",""pre_full_hit"",""resident_before"",""resident_after"",""evicted_objects"",""loaded_base_bytes"",""loaded_adapter_bytes"",""loaded_bytes"",""resident_bytes_after""]"
69,interleaved__sharing_on,69,b1.a1,142606336,0,"[""b0.a1"",""b0""]",[],rolled_back_no_mutation,insufficient_dependency_safe_evictable_capacity,False,False,False,"[""resident_before"",""resident_after"",""evicted_objects"",""loaded_base_bytes"",""loaded_adapter_bytes"",""loaded_bytes"",""resident_bytes_after""]"
70,interleaved__sharing_on,70,b0.a2,109051904,0,"[""b1.a1"",""b1""]",[],noop_all_resident,,True,True,False,"[""pre_base_hit"",""pre_adapter_hit"",""pre_full_hit"",""resident_before"",""resident_after"",""evicted_objects"",""loaded_base_bytes"",""loaded_adapter_bytes"",""loaded_bytes"",""resident_bytes_after""]"
71,interleaved__sharing_on,71,b1.a2,142606336,0,"[""b0.a2"",""b0""]",[],rolled_back_no_mutation,insufficient_dependency_safe_evictable_capacity,False,False,False,"[""resident_before"",""resident_after"",""evicted_objects"",""loaded_base_bytes"",""loaded_adapter_bytes"",""loaded_bytes"",""resident_bytes_after""]"
72,blocked__sharing_on,0,b0.a0,109051904,109051904,[],[],committed,,False,True,False,[]
73,blocked__sharing_on,1,b0.a1,8388608,8388608,[],[],committed,,False,True,False,[]
74,blocked__sharing_on,2,b0.a2,8388608,8388608,[],[],committed,,False,True,False,[]
75,blocked__sharing_on,3,b1.a0,142606336,0,"[""b0.a0"",""b0.a1"",""b0.a2"",""b0""]",[],rolled_back_no_mutation,insufficient_dependency_safe_evictable_capacity,False,False,False,"[""resident_after"",""evicted_objects"",""loaded_base_bytes"",""loaded_adapter_bytes"",""loaded_bytes"",""resident_bytes_after""]"
76,blocked__sharing_on,4,b1.a1,8388608,0,"[""b1.a0""]",[],rolled_back_no_mutation,insufficient_dependency_safe_evictable_capacity,False,False,False,"[""pre_base_hit"",""resident_before"",""resident_after"",""evicted_objects"",""loaded_adapter_bytes"",""loaded_bytes"",""resident_bytes_after""]"
77,blocked__sharing_on,5,b1.a2,8388608,0,"[""b1.a1""]",[],rolled_back_no_mutation,insufficient_dependency_safe_evictable_capacity,False,False,False,"[""pre_base_hit"",""resident_before"",""resident_after"",""evicted_objects"",""loaded_adapter_bytes"",""loaded_bytes"",""resident_bytes_after""]"
78,blocked__sharing_on,6,b0.a0,109051904,0,"[""b1.a2"",""b1""]",[],noop_all_resident,,True,True,False,"[""pre_base_hit"",""pre_adapter_hit"",""pre_full_hit"",""resident_before"",""resident_after"",""evicted_objects"",""loaded_base_bytes"",""loaded_adapter_bytes"",""loaded_bytes"",""resident_bytes_after""]"
79,blocked__sharing_on,7,b0.a1,8388608,0,[],[],noop_all_resident,,True,True,False,"[""pre_adapter_hit"",""pre_full_hit"",""resident_before"",""resident_after"",""loaded_adapter_bytes"",""loaded_bytes"",""resident_bytes_after""]"
80,blocked__sharing_on,8,b0.a2,8388608,0,[],[],noop_all_resident,,True,True,False,"[""pre_adapter_hit"",""pre_full_hit"",""resident_before"",""loaded_adapter_bytes"",""loaded_bytes""]"
81,blocked__sharing_on,9,b1.a0,142606336,0,"[""b0.a0"",""b0.a1"",""b0.a2"",""b0""]",[],rolled_back_no_mutation,insufficient_dependency_safe_evictable_capacity,False,False,False,"[""resident_after"",""evicted_objects"",""loaded_base_bytes"",""loaded_adapter_bytes"",""loaded_bytes"",""resident_bytes_after""]"
82,blocked__sharing_on,10,b1.a1,8388608,0,"[""b1.a0""]",[],rolled_back_no_mutation,insufficient_dependency_safe_evictable_capacity,False,False,False,"[""pre_base_hit"",""resident_before"",""resident_after"",""evicted_objects"",""loaded_adapter_bytes"",""loaded_bytes"",""resident_bytes_after""]"
83,blocked__sharing_on,11,b1.a2,8388608,0,"[""b1.a1""]",[],rolled_back_no_mutation,insufficient_dependency_safe_evictable_capacity,False,False,False,"[""pre_base_hit"",""resident_before"",""resident_after"",""evicted_objects"",""loaded_adapter_bytes"",""loaded_bytes"",""resident_bytes_after""]"
84,blocked__sharing_on,12,b0.a0,109051904,0,"[""b1.a2"",""b1""]",[],noop_all_resident,,True,True,False,"[""pre_base_hit"",""pre_adapter_hit"",""pre_full_hit"",""resident_before"",""resident_after"",""evicted_objects"",""loaded_base_bytes"",""loaded_adapter_bytes"",""loaded_bytes"",""resident_bytes_after""]"
85,blocked__sharing_on,13,b0.a1,8388608,0,[],[],noop_all_resident,,True,True,False,"[""pre_adapter_hit"",""pre_full_hit"",""resident_before"",""resident_after"",""loaded_adapter_bytes"",""loaded_bytes"",""resident_bytes_after""]"
86,blocked__sharing_on,14,b0.a2,8388608,0,[],[],noop_all_resident,,True,True,False,"[""pre_adapter_hit"",""pre_full_hit"",""resident_before"",""loaded_adapter_bytes"",""loaded_bytes""]"
87,blocked__sharing_on,15,b1.a0,142606336,0,"[""b0.a0"",""b0.a1"",""b0.a2"",""b0""]",[],rolled_back_no_mutation,insufficient_dependency_safe_evictable_capacity,False,False,False,"[""resident_after"",""evicted_objects"",""loaded_base_bytes"",""loaded_adapter_bytes"",""loaded_bytes"",""resident_bytes_after""]"
88,blocked__sharing_on,16,b1.a1,8388608,0,"[""b1.a0""]",[],rolled_back_no_mutation,insufficient_dependency_safe_evictable_capacity,False,False,False,"[""pre_base_hit"",""resident_before"",""resident_after"",""evicted_objects"",""loaded_adapter_bytes"",""loaded_bytes"",""resident_bytes_after""]"
89,blocked__sharing_on,17,b1.a2,8388608,0,"[""b1.a1""]",[],rolled_back_no_mutation,insufficient_dependency_safe_evictable_capacity,False,False,False,"[""pre_base_hit"",""resident_before"",""resident_after"",""evicted_objects"",""loaded_adapter_bytes"",""loaded_bytes"",""resident_bytes_after""]"
90,blocked__sharing_on,18,b0.a0,109051904,0,"[""b1.a2"",""b1""]",[],noop_all_resident,,True,True,False,"[""pre_base_hit"",""pre_adapter_hit"",""pre_full_hit"",""resident_before"",""resident_after"",""evicted_objects"",""loaded_base_bytes"",""loaded_adapter_bytes"",""loaded_bytes"",""resident_bytes_after""]"
91,blocked__sharing_on,19,b0.a1,8388608,0,[],[],noop_all_resident,,True,True,False,"[""pre_adapter_hit"",""pre_full_hit"",""resident_before"",""resident_after"",""loaded_adapter_bytes"",""loaded_bytes"",""resident_bytes_after""]"
92,blocked__sharing_on,20,b0.a2,8388608,0,[],[],noop_all_resident,,True,True,False,"[""pre_adapter_hit"",""pre_full_hit"",""resident_before"",""loaded_adapter_bytes"",""loaded_bytes""]"
93,blocked__sharing_on,21,b1.a0,142606336,0,"[""b0.a0"",""b0.a1"",""b0.a2"",""b0""]",[],rolled_back_no_mutation,insufficient_dependency_safe_evictable_capacity,False,False,False,"[""resident_after"",""evicted_objects"",""loaded_base_bytes"",""loaded_adapter_bytes"",""loaded_bytes"",""resident_bytes_after""]"
94,blocked__sharing_on,22,b1.a1,8388608,0,"[""b1.a0""]",[],rolled_back_no_mutation,insufficient_dependency_safe_evictable_capacity,False,False,False,"[""pre_base_hit"",""resident_before"",""resident_after"",""evicted_objects"",""loaded_adapter_bytes"",""loaded_bytes"",""resident_bytes_after""]"
95,blocked__sharing_on,23,b1.a2,8388608,0,"[""b1.a1""]",[],rolled_back_no_mutation,insufficient_dependency_safe_evictable_capacity,False,False,False,"[""pre_base_hit"",""resident_before"",""resident_after"",""evicted_objects"",""loaded_adapter_bytes"",""loaded_bytes"",""resident_bytes_after""]"
96,blocked__sharing_on,24,b0.a0,109051904,0,"[""b1.a2"",""b1""]",[],noop_all_resident,,True,True,False,"[""pre_base_hit"",""pre_adapter_hit"",""pre_full_hit"",""resident_before"",""resident_after"",""evicted_objects"",""loaded_base_bytes"",""loaded_adapter_bytes"",""loaded_bytes"",""resident_bytes_after""]"
97,blocked__sharing_on,25,b0.a1,8388608,0,[],[],noop_all_resident,,True,True,False,"[""pre_adapter_hit"",""pre_full_hit"",""resident_before"",""resident_after"",""loaded_adapter_bytes"",""loaded_bytes"",""resident_bytes_after""]"
98,blocked__sharing_on,26,b0.a2,8388608,0,[],[],noop_all_resident,,True,True,False,"[""pre_adapter_hit"",""pre_full_hit"",""resident_before"",""loaded_adapter_bytes"",""loaded_bytes""]"
99,blocked__sharing_on,27,b1.a0,142606336,0,"[""b0.a0"",""b0.a1"",""b0.a2"",""b0""]",[],rolled_back_no_mutation,insufficient_dependency_safe_evictable_capacity,False,False,False,"[""resident_after"",""evicted_objects"",""loaded_base_bytes"",""loaded_adapter_bytes"",""loaded_bytes"",""resident_bytes_after""]"
100,blocked__sharing_on,28,b1.a1,8388608,0,"[""b1.a0""]",[],rolled_back_no_mutation,insufficient_dependency_safe_evictable_capacity,False,False,False,"[""pre_base_hit"",""resident_before"",""resident_after"",""evicted_objects"",""loaded_adapter_bytes"",""loaded_bytes"",""resident_bytes_after""]"
101,blocked__sharing_on,29,b1.a2,8388608,0,"[""b1.a1""]",[],rolled_back_no_mutation,insufficient_dependency_safe_evictable_capacity,False,False,False,"[""pre_base_hit"",""resident_before"",""resident_after"",""evicted_objects"",""loaded_adapter_bytes"",""loaded_bytes"",""resident_bytes_after""]"
102,blocked__sharing_on,30,b0.a0,109051904,0,"[""b1.a2"",""b1""]",[],noop_all_resident,,True,True,False,"[""pre_base_hit"",""pre_adapter_hit"",""pre_full_hit"",""resident_before"",""resident_after"",""evicted_objects"",""loaded_base_bytes"",""loaded_adapter_bytes"",""loaded_bytes"",""resident_bytes_after""]"
103,blocked__sharing_on,31,b0.a1,8388608,0,[],[],noop_all_resident,,True,True,False,"[""pre_adapter_hit"",""pre_full_hit"",""resident_before"",""resident_after"",""loaded_adapter_bytes"",""loaded_bytes"",""resident_bytes_after""]"
104,blocked__sharing_on,32,b0.a2,8388608,0,[],[],noop_all_resident,,True,True,False,"[""pre_adapter_hit"",""pre_full_hit"",""resident_before"",""loaded_adapter_bytes"",""loaded_bytes""]"
105,blocked__sharing_on,33,b1.a0,142606336,0,"[""b0.a0"",""b0.a1"",""b0.a2"",""b0""]",[],rolled_back_no_mutation,insufficient_dependency_safe_evictable_capacity,False,False,False,"[""resident_after"",""evicted_objects"",""loaded_base_bytes"",""loaded_adapter_bytes"",""loaded_bytes"",""resident_bytes_after""]"
106,blocked__sharing_on,34,b1.a1,8388608,0,"[""b1.a0""]",[],rolled_back_no_mutation,insufficient_dependency_safe_evictable_capacity,False,False,False,"[""pre_base_hit"",""resident_before"",""resident_after"",""evicted_objects"",""loaded_adapter_bytes"",""loaded_bytes"",""resident_bytes_after""]"
107,blocked__sharing_on,35,b1.a2,8388608,0,"[""b1.a1""]",[],rolled_back_no_mutation,insufficient_dependency_safe_evictable_capacity,False,False,False,"[""pre_base_hit"",""resident_before"",""resident_after"",""evicted_objects"",""loaded_adapter_bytes"",""loaded_bytes"",""resident_bytes_after""]"
108,blocked__sharing_on,36,b0.a0,109051904,0,"[""b1.a2"",""b1""]",[],noop_all_resident,,True,True,False,"[""pre_base_hit"",""pre_adapter_hit"",""pre_full_hit"",""resident_before"",""resident_after"",""evicted_objects"",""loaded_base_bytes"",""loaded_adapter_bytes"",""loaded_bytes"",""resident_bytes_after""]"
109,blocked__sharing_on,37,b0.a1,8388608,0,[],[],noop_all_resident,,True,True,False,"[""pre_adapter_hit"",""pre_full_hit"",""resident_before"",""resident_after"",""loaded_adapter_bytes"",""loaded_bytes"",""resident_bytes_after""]"
110,blocked__sharing_on,38,b0.a2,8388608,0,[],[],noop_all_resident,,True,True,False,"[""pre_adapter_hit"",""pre_full_hit"",""resident_before"",""loaded_adapter_bytes"",""loaded_bytes""]"
111,blocked__sharing_on,39,b1.a0,142606336,0,"[""b0.a0"",""b0.a1"",""b0.a2"",""b0""]",[],rolled_back_no_mutation,insufficient_dependency_safe_evictable_capacity,False,False,False,"[""resident_after"",""evicted_objects"",""loaded_base_bytes"",""loaded_adapter_bytes"",""loaded_bytes"",""resident_bytes_after""]"
112,blocked__sharing_on,40,b1.a1,8388608,0,"[""b1.a0""]",[],rolled_back_no_mutation,insufficient_dependency_safe_evictable_capacity,False,False,False,"[""pre_base_hit"",""resident_before"",""resident_after"",""evicted_objects"",""loaded_adapter_bytes"",""loaded_bytes"",""resident_bytes_after""]"
113,blocked__sharing_on,41,b1.a2,8388608,0,"[""b1.a1""]",[],rolled_back_no_mutation,insufficient_dependency_safe_evictable_capacity,False,False,False,"[""pre_base_hit"",""resident_before"",""resident_after"",""evicted_objects"",""loaded_adapter_bytes"",""loaded_bytes"",""resident_bytes_after""]"
114,blocked__sharing_on,42,b0.a0,109051904,0,"[""b1.a2"",""b1""]",[],noop_all_resident,,True,True,False,"[""pre_base_hit"",""pre_adapter_hit"",""pre_full_hit"",""resident_before"",""resident_after"",""evicted_objects"",""loaded_base_bytes"",""loaded_adapter_bytes"",""loaded_bytes"",""resident_bytes_after""]"
115,blocked__sharing_on,43,b0.a1,8388608,0,[],[],noop_all_resident,,True,True,False,"[""pre_adapter_hit"",""pre_full_hit"",""resident_before"",""resident_after"",""loaded_adapter_bytes"",""loaded_bytes"",""resident_bytes_after""]"
116,blocked__sharing_on,44,b0.a2,8388608,0,[],[],noop_all_resident,,True,True,False,"[""pre_adapter_hit"",""pre_full_hit"",""resident_before"",""loaded_adapter_bytes"",""loaded_bytes""]"
117,blocked__sharing_on,45,b1.a0,142606336,0,"[""b0.a0"",""b0.a1"",""b0.a2"",""b0""]",[],rolled_back_no_mutation,insufficient_dependency_safe_evictable_capacity,False,False,False,"[""resident_after"",""evicted_objects"",""loaded_base_bytes"",""loaded_adapter_bytes"",""loaded_bytes"",""resident_bytes_after""]"
118,blocked__sharing_on,46,b1.a1,8388608,0,"[""b1.a0""]",[],rolled_back_no_mutation,insufficient_dependency_safe_evictable_capacity,False,False,False,"[""pre_base_hit"",""resident_before"",""resident_after"",""evicted_objects"",""loaded_adapter_bytes"",""loaded_bytes"",""resident_bytes_after""]"
119,blocked__sharing_on,47,b1.a2,8388608,0,"[""b1.a1""]",[],rolled_back_no_mutation,insufficient_dependency_safe_evictable_capacity,False,False,False,"[""pre_base_hit"",""resident_before"",""resident_after"",""evicted_objects"",""loaded_adapter_bytes"",""loaded_bytes"",""resident_bytes_after""]"
120,blocked__sharing_on,48,b0.a0,109051904,0,"[""b1.a2"",""b1""]",[],noop_all_resident,,True,True,False,"[""pre_base_hit"",""pre_adapter_hit"",""pre_full_hit"",""resident_before"",""resident_after"",""evicted_objects"",""loaded_base_bytes"",""loaded_adapter_bytes"",""loaded_bytes"",""resident_bytes_after""]"
121,blocked__sharing_on,49,b0.a1,8388608,0,[],[],noop_all_resident,,True,True,False,"[""pre_adapter_hit"",""pre_full_hit"",""resident_before"",""resident_after"",""loaded_adapter_bytes"",""loaded_bytes"",""resident_bytes_after""]"
122,blocked__sharing_on,50,b0.a2,8388608,0,[],[],noop_all_resident,,True,True,False,"[""pre_adapter_hit"",""pre_full_hit"",""resident_before"",""loaded_adapter_bytes"",""loaded_bytes""]"
123,blocked__sharing_on,51,b1.a0,142606336,0,"[""b0.a0"",""b0.a1"",""b0.a2"",""b0""]",[],rolled_back_no_mutation,insufficient_dependency_safe_evictable_capacity,False,False,False,"[""resident_after"",""evicted_objects"",""loaded_base_bytes"",""loaded_adapter_bytes"",""loaded_bytes"",""resident_bytes_after""]"
124,blocked__sharing_on,52,b1.a1,8388608,0,"[""b1.a0""]",[],rolled_back_no_mutation,insufficient_dependency_safe_evictable_capacity,False,False,False,"[""pre_base_hit"",""resident_before"",""resident_after"",""evicted_objects"",""loaded_adapter_bytes"",""loaded_bytes"",""resident_bytes_after""]"
125,blocked__sharing_on,53,b1.a2,8388608,0,"[""b1.a1""]",[],rolled_back_no_mutation,insufficient_dependency_safe_evictable_capacity,False,False,False,"[""pre_base_hit"",""resident_before"",""resident_after"",""evicted_objects"",""loaded_adapter_bytes"",""loaded_bytes"",""resident_bytes_after""]"
126,blocked__sharing_on,54,b0.a0,109051904,0,"[""b1.a2"",""b1""]",[],noop_all_resident,,True,True,False,"[""pre_base_hit"",""pre_adapter_hit"",""pre_full_hit"",""resident_before"",""resident_after"",""evicted_objects"",""loaded_base_bytes"",""loaded_adapter_bytes"",""loaded_bytes"",""resident_bytes_after""]"
127,blocked__sharing_on,55,b0.a1,8388608,0,[],[],noop_all_resident,,True,True,False,"[""pre_adapter_hit"",""pre_full_hit"",""resident_before"",""resident_after"",""loaded_adapter_bytes"",""loaded_bytes"",""resident_bytes_after""]"
128,blocked__sharing_on,56,b0.a2,8388608,0,[],[],noop_all_resident,,True,True,False,"[""pre_adapter_hit"",""pre_full_hit"",""resident_before"",""loaded_adapter_bytes"",""loaded_bytes""]"
129,blocked__sharing_on,57,b1.a0,142606336,0,"[""b0.a0"",""b0.a1"",""b0.a2"",""b0""]",[],rolled_back_no_mutation,insufficient_dependency_safe_evictable_capacity,False,False,False,"[""resident_after"",""evicted_objects"",""loaded_base_bytes"",""loaded_adapter_bytes"",""loaded_bytes"",""resident_bytes_after""]"
130,blocked__sharing_on,58,b1.a1,8388608,0,"[""b1.a0""]",[],rolled_back_no_mutation,insufficient_dependency_safe_evictable_capacity,False,False,False,"[""pre_base_hit"",""resident_before"",""resident_after"",""evicted_objects"",""loaded_adapter_bytes"",""loaded_bytes"",""resident_bytes_after""]"
131,blocked__sharing_on,59,b1.a2,8388608,0,"[""b1.a1""]",[],rolled_back_no_mutation,insufficient_dependency_safe_evictable_capacity,False,False,False,"[""pre_base_hit"",""resident_before"",""resident_after"",""evicted_objects"",""loaded_adapter_bytes"",""loaded_bytes"",""resident_bytes_after""]"
132,blocked__sharing_on,60,b0.a0,109051904,0,"[""b1.a2"",""b1""]",[],noop_all_resident,,True,True,False,"[""pre_base_hit"",""pre_adapter_hit"",""pre_full_hit"",""resident_before"",""resident_after"",""evicted_objects"",""loaded_base_bytes"",""loaded_adapter_bytes"",""loaded_bytes"",""resident_bytes_after""]"
133,blocked__sharing_on,61,b0.a1,8388608,0,[],[],noop_all_resident,,True,True,False,"[""pre_adapter_hit"",""pre_full_hit"",""resident_before"",""resident_after"",""loaded_adapter_bytes"",""loaded_bytes"",""resident_bytes_after""]"
134,blocked__sharing_on,62,b0.a2,8388608,0,[],[],noop_all_resident,,True,True,False,"[""pre_adapter_hit"",""pre_full_hit"",""resident_before"",""loaded_adapter_bytes"",""loaded_bytes""]"
135,blocked__sharing_on,63,b1.a0,142606336,0,"[""b0.a0"",""b0.a1"",""b0.a2"",""b0""]",[],rolled_back_no_mutation,insufficient_dependency_safe_evictable_capacity,False,False,False,"[""resident_after"",""evicted_objects"",""loaded_base_bytes"",""loaded_adapter_bytes"",""loaded_bytes"",""resident_bytes_after""]"
136,blocked__sharing_on,64,b1.a1,8388608,0,"[""b1.a0""]",[],rolled_back_no_mutation,insufficient_dependency_safe_evictable_capacity,False,False,False,"[""pre_base_hit"",""resident_before"",""resident_after"",""evicted_objects"",""loaded_adapter_bytes"",""loaded_bytes"",""resident_bytes_after""]"
137,blocked__sharing_on,65,b1.a2,8388608,0,"[""b1.a1""]",[],rolled_back_no_mutation,insufficient_dependency_safe_evictable_capacity,False,False,False,"[""pre_base_hit"",""resident_before"",""resident_after"",""evicted_objects"",""loaded_adapter_bytes"",""loaded_bytes"",""resident_bytes_after""]"
138,blocked__sharing_on,66,b0.a0,109051904,0,"[""b1.a2"",""b1""]",[],noop_all_resident,,True,True,False,"[""pre_base_hit"",""pre_adapter_hit"",""pre_full_hit"",""resident_before"",""resident_after"",""evicted_objects"",""loaded_base_bytes"",""loaded_adapter_bytes"",""loaded_bytes"",""resident_bytes_after""]"
139,blocked__sharing_on,67,b0.a1,8388608,0,[],[],noop_all_resident,,True,True,False,"[""pre_adapter_hit"",""pre_full_hit"",""resident_before"",""resident_after"",""loaded_adapter_bytes"",""loaded_bytes"",""resident_bytes_after""]"
140,blocked__sharing_on,68,b0.a2,8388608,0,[],[],noop_all_resident,,True,True,False,"[""pre_adapter_hit"",""pre_full_hit"",""resident_before"",""loaded_adapter_bytes"",""loaded_bytes""]"
141,blocked__sharing_on,69,b1.a0,142606336,0,"[""b0.a0"",""b0.a1"",""b0.a2"",""b0""]",[],rolled_back_no_mutation,insufficient_dependency_safe_evictable_capacity,False,False,False,"[""resident_after"",""evicted_objects"",""loaded_base_bytes"",""loaded_adapter_bytes"",""loaded_bytes"",""resident_bytes_after""]"
142,blocked__sharing_on,70,b1.a1,8388608,0,"[""b1.a0""]",[],rolled_back_no_mutation,insufficient_dependency_safe_evictable_capacity,False,False,False,"[""pre_base_hit"",""resident_before"",""resident_after"",""evicted_objects"",""loaded_adapter_bytes"",""loaded_bytes"",""resident_bytes_after""]"
143,blocked__sharing_on,71,b1.a2,8388608,0,"[""b1.a1""]",[],rolled_back_no_mutation,insufficient_dependency_safe_evictable_capacity,False,False,False,"[""pre_base_hit"",""resident_before"",""resident_after"",""evicted_objects"",""loaded_adapter_bytes"",""loaded_bytes"",""resident_bytes_after""]"
144,blocked__sharing_off,0,b0.a0,109051904,109051904,[],[],committed,,False,True,False,"[""resident_after""]"
145,blocked__sharing_off,1,b0.a1,109051904,0,"[""b0.a0"",""b0::private::b0.a0""]",[],rolled_back_no_mutation,insufficient_dependency_safe_evictable_capacity,False,False,False,"[""resident_before"",""resident_after"",""evicted_objects"",""loaded_base_bytes"",""loaded_adapter_bytes"",""loaded_bytes""]"
146,blocked__sharing_off,2,b0.a2,109051904,0,"[""b0.a1"",""b0::private::b0.a1""]",[],rolled_back_no_mutation,insufficient_dependency_safe_evictable_capacity,False,False,False,"[""resident_before"",""resident_after"",""evicted_objects"",""loaded_base_bytes"",""loaded_adapter_bytes"",""loaded_bytes""]"
147,blocked__sharing_off,3,b1.a0,142606336,0,"[""b0.a2"",""b0::private::b0.a2""]",[],rolled_back_no_mutation,insufficient_dependency_safe_evictable_capacity,False,False,False,"[""resident_before"",""resident_after"",""evicted_objects"",""loaded_base_bytes"",""loaded_adapter_bytes"",""loaded_bytes"",""resident_bytes_after""]"
148,blocked__sharing_off,4,b1.a1,142606336,0,"[""b1.a0"",""b1::private::b1.a0""]",[],rolled_back_no_mutation,insufficient_dependency_safe_evictable_capacity,False,False,False,"[""resident_before"",""resident_after"",""evicted_objects"",""loaded_base_bytes"",""loaded_adapter_bytes"",""loaded_bytes"",""resident_bytes_after""]"
149,blocked__sharing_off,5,b1.a2,142606336,0,"[""b1.a1"",""b1::private::b1.a1""]",[],rolled_back_no_mutation,insufficient_dependency_safe_evictable_capacity,False,False,False,"[""resident_before"",""resident_after"",""evicted_objects"",""loaded_base_bytes"",""loaded_adapter_bytes"",""loaded_bytes"",""resident_bytes_after""]"
150,blocked__sharing_off,6,b0.a0,109051904,0,"[""b1.a2"",""b1::private::b1.a2""]",[],noop_all_resident,,True,True,False,"[""pre_base_hit"",""pre_adapter_hit"",""pre_full_hit"",""resident_before"",""resident_after"",""evicted_objects"",""loaded_base_bytes"",""loaded_adapter_bytes"",""loaded_bytes""]"
151,blocked__sharing_off,7,b0.a1,109051904,0,"[""b0.a0"",""b0::private::b0.a0""]",[],rolled_back_no_mutation,insufficient_dependency_safe_evictable_capacity,False,False,False,"[""resident_before"",""resident_after"",""evicted_objects"",""loaded_base_bytes"",""loaded_adapter_bytes"",""loaded_bytes""]"
152,blocked__sharing_off,8,b0.a2,109051904,0,"[""b0.a1"",""b0::private::b0.a1""]",[],rolled_back_no_mutation,insufficient_dependency_safe_evictable_capacity,False,False,False,"[""resident_before"",""resident_after"",""evicted_objects"",""loaded_base_bytes"",""loaded_adapter_bytes"",""loaded_bytes""]"
153,blocked__sharing_off,9,b1.a0,142606336,0,"[""b0.a2"",""b0::private::b0.a2""]",[],rolled_back_no_mutation,insufficient_dependency_safe_evictable_capacity,False,False,False,"[""resident_before"",""resident_after"",""evicted_objects"",""loaded_base_bytes"",""loaded_adapter_bytes"",""loaded_bytes"",""resident_bytes_after""]"
154,blocked__sharing_off,10,b1.a1,142606336,0,"[""b1.a0"",""b1::private::b1.a0""]",[],rolled_back_no_mutation,insufficient_dependency_safe_evictable_capacity,False,False,False,"[""resident_before"",""resident_after"",""evicted_objects"",""loaded_base_bytes"",""loaded_adapter_bytes"",""loaded_bytes"",""resident_bytes_after""]"
155,blocked__sharing_off,11,b1.a2,142606336,0,"[""b1.a1"",""b1::private::b1.a1""]",[],rolled_back_no_mutation,insufficient_dependency_safe_evictable_capacity,False,False,False,"[""resident_before"",""resident_after"",""evicted_objects"",""loaded_base_bytes"",""loaded_adapter_bytes"",""loaded_bytes"",""resident_bytes_after""]"
156,blocked__sharing_off,12,b0.a0,109051904,0,"[""b1.a2"",""b1::private::b1.a2""]",[],noop_all_resident,,True,True,False,"[""pre_base_hit"",""pre_adapter_hit"",""pre_full_hit"",""resident_before"",""resident_after"",""evicted_objects"",""loaded_base_bytes"",""loaded_adapter_bytes"",""loaded_bytes""]"
157,blocked__sharing_off,13,b0.a1,109051904,0,"[""b0.a0"",""b0::private::b0.a0""]",[],rolled_back_no_mutation,insufficient_dependency_safe_evictable_capacity,False,False,False,"[""resident_before"",""resident_after"",""evicted_objects"",""loaded_base_bytes"",""loaded_adapter_bytes"",""loaded_bytes""]"
158,blocked__sharing_off,14,b0.a2,109051904,0,"[""b0.a1"",""b0::private::b0.a1""]",[],rolled_back_no_mutation,insufficient_dependency_safe_evictable_capacity,False,False,False,"[""resident_before"",""resident_after"",""evicted_objects"",""loaded_base_bytes"",""loaded_adapter_bytes"",""loaded_bytes""]"
159,blocked__sharing_off,15,b1.a0,142606336,0,"[""b0.a2"",""b0::private::b0.a2""]",[],rolled_back_no_mutation,insufficient_dependency_safe_evictable_capacity,False,False,False,"[""resident_before"",""resident_after"",""evicted_objects"",""loaded_base_bytes"",""loaded_adapter_bytes"",""loaded_bytes"",""resident_bytes_after""]"
160,blocked__sharing_off,16,b1.a1,142606336,0,"[""b1.a0"",""b1::private::b1.a0""]",[],rolled_back_no_mutation,insufficient_dependency_safe_evictable_capacity,False,False,False,"[""resident_before"",""resident_after"",""evicted_objects"",""loaded_base_bytes"",""loaded_adapter_bytes"",""loaded_bytes"",""resident_bytes_after""]"
161,blocked__sharing_off,17,b1.a2,142606336,0,"[""b1.a1"",""b1::private::b1.a1""]",[],rolled_back_no_mutation,insufficient_dependency_safe_evictable_capacity,False,False,False,"[""resident_before"",""resident_after"",""evicted_objects"",""loaded_base_bytes"",""loaded_adapter_bytes"",""loaded_bytes"",""resident_bytes_after""]"
162,blocked__sharing_off,18,b0.a0,109051904,0,"[""b1.a2"",""b1::private::b1.a2""]",[],noop_all_resident,,True,True,False,"[""pre_base_hit"",""pre_adapter_hit"",""pre_full_hit"",""resident_before"",""resident_after"",""evicted_objects"",""loaded_base_bytes"",""loaded_adapter_bytes"",""loaded_bytes""]"
163,blocked__sharing_off,19,b0.a1,109051904,0,"[""b0.a0"",""b0::private::b0.a0""]",[],rolled_back_no_mutation,insufficient_dependency_safe_evictable_capacity,False,False,False,"[""resident_before"",""resident_after"",""evicted_objects"",""loaded_base_bytes"",""loaded_adapter_bytes"",""loaded_bytes""]"
164,blocked__sharing_off,20,b0.a2,109051904,0,"[""b0.a1"",""b0::private::b0.a1""]",[],rolled_back_no_mutation,insufficient_dependency_safe_evictable_capacity,False,False,False,"[""resident_before"",""resident_after"",""evicted_objects"",""loaded_base_bytes"",""loaded_adapter_bytes"",""loaded_bytes""]"
165,blocked__sharing_off,21,b1.a0,142606336,0,"[""b0.a2"",""b0::private::b0.a2""]",[],rolled_back_no_mutation,insufficient_dependency_safe_evictable_capacity,False,False,False,"[""resident_before"",""resident_after"",""evicted_objects"",""loaded_base_bytes"",""loaded_adapter_bytes"",""loaded_bytes"",""resident_bytes_after""]"
166,blocked__sharing_off,22,b1.a1,142606336,0,"[""b1.a0"",""b1::private::b1.a0""]",[],rolled_back_no_mutation,insufficient_dependency_safe_evictable_capacity,False,False,False,"[""resident_before"",""resident_after"",""evicted_objects"",""loaded_base_bytes"",""loaded_adapter_bytes"",""loaded_bytes"",""resident_bytes_after""]"
167,blocked__sharing_off,23,b1.a2,142606336,0,"[""b1.a1"",""b1::private::b1.a1""]",[],rolled_back_no_mutation,insufficient_dependency_safe_evictable_capacity,False,False,False,"[""resident_before"",""resident_after"",""evicted_objects"",""loaded_base_bytes"",""loaded_adapter_bytes"",""loaded_bytes"",""resident_bytes_after""]"
168,blocked__sharing_off,24,b0.a0,109051904,0,"[""b1.a2"",""b1::private::b1.a2""]",[],noop_all_resident,,True,True,False,"[""pre_base_hit"",""pre_adapter_hit"",""pre_full_hit"",""resident_before"",""resident_after"",""evicted_objects"",""loaded_base_bytes"",""loaded_adapter_bytes"",""loaded_bytes""]"
169,blocked__sharing_off,25,b0.a1,109051904,0,"[""b0.a0"",""b0::private::b0.a0""]",[],rolled_back_no_mutation,insufficient_dependency_safe_evictable_capacity,False,False,False,"[""resident_before"",""resident_after"",""evicted_objects"",""loaded_base_bytes"",""loaded_adapter_bytes"",""loaded_bytes""]"
170,blocked__sharing_off,26,b0.a2,109051904,0,"[""b0.a1"",""b0::private::b0.a1""]",[],rolled_back_no_mutation,insufficient_dependency_safe_evictable_capacity,False,False,False,"[""resident_before"",""resident_after"",""evicted_objects"",""loaded_base_bytes"",""loaded_adapter_bytes"",""loaded_bytes""]"
171,blocked__sharing_off,27,b1.a0,142606336,0,"[""b0.a2"",""b0::private::b0.a2""]",[],rolled_back_no_mutation,insufficient_dependency_safe_evictable_capacity,False,False,False,"[""resident_before"",""resident_after"",""evicted_objects"",""loaded_base_bytes"",""loaded_adapter_bytes"",""loaded_bytes"",""resident_bytes_after""]"
172,blocked__sharing_off,28,b1.a1,142606336,0,"[""b1.a0"",""b1::private::b1.a0""]",[],rolled_back_no_mutation,insufficient_dependency_safe_evictable_capacity,False,False,False,"[""resident_before"",""resident_after"",""evicted_objects"",""loaded_base_bytes"",""loaded_adapter_bytes"",""loaded_bytes"",""resident_bytes_after""]"
173,blocked__sharing_off,29,b1.a2,142606336,0,"[""b1.a1"",""b1::private::b1.a1""]",[],rolled_back_no_mutation,insufficient_dependency_safe_evictable_capacity,False,False,False,"[""resident_before"",""resident_after"",""evicted_objects"",""loaded_base_bytes"",""loaded_adapter_bytes"",""loaded_bytes"",""resident_bytes_after""]"
174,blocked__sharing_off,30,b0.a0,109051904,0,"[""b1.a2"",""b1::private::b1.a2""]",[],noop_all_resident,,True,True,False,"[""pre_base_hit"",""pre_adapter_hit"",""pre_full_hit"",""resident_before"",""resident_after"",""evicted_objects"",""loaded_base_bytes"",""loaded_adapter_bytes"",""loaded_bytes""]"
175,blocked__sharing_off,31,b0.a1,109051904,0,"[""b0.a0"",""b0::private::b0.a0""]",[],rolled_back_no_mutation,insufficient_dependency_safe_evictable_capacity,False,False,False,"[""resident_before"",""resident_after"",""evicted_objects"",""loaded_base_bytes"",""loaded_adapter_bytes"",""loaded_bytes""]"
176,blocked__sharing_off,32,b0.a2,109051904,0,"[""b0.a1"",""b0::private::b0.a1""]",[],rolled_back_no_mutation,insufficient_dependency_safe_evictable_capacity,False,False,False,"[""resident_before"",""resident_after"",""evicted_objects"",""loaded_base_bytes"",""loaded_adapter_bytes"",""loaded_bytes""]"
177,blocked__sharing_off,33,b1.a0,142606336,0,"[""b0.a2"",""b0::private::b0.a2""]",[],rolled_back_no_mutation,insufficient_dependency_safe_evictable_capacity,False,False,False,"[""resident_before"",""resident_after"",""evicted_objects"",""loaded_base_bytes"",""loaded_adapter_bytes"",""loaded_bytes"",""resident_bytes_after""]"
178,blocked__sharing_off,34,b1.a1,142606336,0,"[""b1.a0"",""b1::private::b1.a0""]",[],rolled_back_no_mutation,insufficient_dependency_safe_evictable_capacity,False,False,False,"[""resident_before"",""resident_after"",""evicted_objects"",""loaded_base_bytes"",""loaded_adapter_bytes"",""loaded_bytes"",""resident_bytes_after""]"
179,blocked__sharing_off,35,b1.a2,142606336,0,"[""b1.a1"",""b1::private::b1.a1""]",[],rolled_back_no_mutation,insufficient_dependency_safe_evictable_capacity,False,False,False,"[""resident_before"",""resident_after"",""evicted_objects"",""loaded_base_bytes"",""loaded_adapter_bytes"",""loaded_bytes"",""resident_bytes_after""]"
180,blocked__sharing_off,36,b0.a0,109051904,0,"[""b1.a2"",""b1::private::b1.a2""]",[],noop_all_resident,,True,True,False,"[""pre_base_hit"",""pre_adapter_hit"",""pre_full_hit"",""resident_before"",""resident_after"",""evicted_objects"",""loaded_base_bytes"",""loaded_adapter_bytes"",""loaded_bytes""]"
181,blocked__sharing_off,37,b0.a1,109051904,0,"[""b0.a0"",""b0::private::b0.a0""]",[],rolled_back_no_mutation,insufficient_dependency_safe_evictable_capacity,False,False,False,"[""resident_before"",""resident_after"",""evicted_objects"",""loaded_base_bytes"",""loaded_adapter_bytes"",""loaded_bytes""]"
182,blocked__sharing_off,38,b0.a2,109051904,0,"[""b0.a1"",""b0::private::b0.a1""]",[],rolled_back_no_mutation,insufficient_dependency_safe_evictable_capacity,False,False,False,"[""resident_before"",""resident_after"",""evicted_objects"",""loaded_base_bytes"",""loaded_adapter_bytes"",""loaded_bytes""]"
183,blocked__sharing_off,39,b1.a0,142606336,0,"[""b0.a2"",""b0::private::b0.a2""]",[],rolled_back_no_mutation,insufficient_dependency_safe_evictable_capacity,False,False,False,"[""resident_before"",""resident_after"",""evicted_objects"",""loaded_base_bytes"",""loaded_adapter_bytes"",""loaded_bytes"",""resident_bytes_after""]"
184,blocked__sharing_off,40,b1.a1,142606336,0,"[""b1.a0"",""b1::private::b1.a0""]",[],rolled_back_no_mutation,insufficient_dependency_safe_evictable_capacity,False,False,False,"[""resident_before"",""resident_after"",""evicted_objects"",""loaded_base_bytes"",""loaded_adapter_bytes"",""loaded_bytes"",""resident_bytes_after""]"
185,blocked__sharing_off,41,b1.a2,142606336,0,"[""b1.a1"",""b1::private::b1.a1""]",[],rolled_back_no_mutation,insufficient_dependency_safe_evictable_capacity,False,False,False,"[""resident_before"",""resident_after"",""evicted_objects"",""loaded_base_bytes"",""loaded_adapter_bytes"",""loaded_bytes"",""resident_bytes_after""]"
186,blocked__sharing_off,42,b0.a0,109051904,0,"[""b1.a2"",""b1::private::b1.a2""]",[],noop_all_resident,,True,True,False,"[""pre_base_hit"",""pre_adapter_hit"",""pre_full_hit"",""resident_before"",""resident_after"",""evicted_objects"",""loaded_base_bytes"",""loaded_adapter_bytes"",""loaded_bytes""]"
187,blocked__sharing_off,43,b0.a1,109051904,0,"[""b0.a0"",""b0::private::b0.a0""]",[],rolled_back_no_mutation,insufficient_dependency_safe_evictable_capacity,False,False,False,"[""resident_before"",""resident_after"",""evicted_objects"",""loaded_base_bytes"",""loaded_adapter_bytes"",""loaded_bytes""]"
188,blocked__sharing_off,44,b0.a2,109051904,0,"[""b0.a1"",""b0::private::b0.a1""]",[],rolled_back_no_mutation,insufficient_dependency_safe_evictable_capacity,False,False,False,"[""resident_before"",""resident_after"",""evicted_objects"",""loaded_base_bytes"",""loaded_adapter_bytes"",""loaded_bytes""]"
189,blocked__sharing_off,45,b1.a0,142606336,0,"[""b0.a2"",""b0::private::b0.a2""]",[],rolled_back_no_mutation,insufficient_dependency_safe_evictable_capacity,False,False,False,"[""resident_before"",""resident_after"",""evicted_objects"",""loaded_base_bytes"",""loaded_adapter_bytes"",""loaded_bytes"",""resident_bytes_after""]"
190,blocked__sharing_off,46,b1.a1,142606336,0,"[""b1.a0"",""b1::private::b1.a0""]",[],rolled_back_no_mutation,insufficient_dependency_safe_evictable_capacity,False,False,False,"[""resident_before"",""resident_after"",""evicted_objects"",""loaded_base_bytes"",""loaded_adapter_bytes"",""loaded_bytes"",""resident_bytes_after""]"
191,blocked__sharing_off,47,b1.a2,142606336,0,"[""b1.a1"",""b1::private::b1.a1""]",[],rolled_back_no_mutation,insufficient_dependency_safe_evictable_capacity,False,False,False,"[""resident_before"",""resident_after"",""evicted_objects"",""loaded_base_bytes"",""loaded_adapter_bytes"",""loaded_bytes"",""resident_bytes_after""]"
192,blocked__sharing_off,48,b0.a0,109051904,0,"[""b1.a2"",""b1::private::b1.a2""]",[],noop_all_resident,,True,True,False,"[""pre_base_hit"",""pre_adapter_hit"",""pre_full_hit"",""resident_before"",""resident_after"",""evicted_objects"",""loaded_base_bytes"",""loaded_adapter_bytes"",""loaded_bytes""]"
193,blocked__sharing_off,49,b0.a1,109051904,0,"[""b0.a0"",""b0::private::b0.a0""]",[],rolled_back_no_mutation,insufficient_dependency_safe_evictable_capacity,False,False,False,"[""resident_before"",""resident_after"",""evicted_objects"",""loaded_base_bytes"",""loaded_adapter_bytes"",""loaded_bytes""]"
194,blocked__sharing_off,50,b0.a2,109051904,0,"[""b0.a1"",""b0::private::b0.a1""]",[],rolled_back_no_mutation,insufficient_dependency_safe_evictable_capacity,False,False,False,"[""resident_before"",""resident_after"",""evicted_objects"",""loaded_base_bytes"",""loaded_adapter_bytes"",""loaded_bytes""]"
195,blocked__sharing_off,51,b1.a0,142606336,0,"[""b0.a2"",""b0::private::b0.a2""]",[],rolled_back_no_mutation,insufficient_dependency_safe_evictable_capacity,False,False,False,"[""resident_before"",""resident_after"",""evicted_objects"",""loaded_base_bytes"",""loaded_adapter_bytes"",""loaded_bytes"",""resident_bytes_after""]"
196,blocked__sharing_off,52,b1.a1,142606336,0,"[""b1.a0"",""b1::private::b1.a0""]",[],rolled_back_no_mutation,insufficient_dependency_safe_evictable_capacity,False,False,False,"[""resident_before"",""resident_after"",""evicted_objects"",""loaded_base_bytes"",""loaded_adapter_bytes"",""loaded_bytes"",""resident_bytes_after""]"
197,blocked__sharing_off,53,b1.a2,142606336,0,"[""b1.a1"",""b1::private::b1.a1""]",[],rolled_back_no_mutation,insufficient_dependency_safe_evictable_capacity,False,False,False,"[""resident_before"",""resident_after"",""evicted_objects"",""loaded_base_bytes"",""loaded_adapter_bytes"",""loaded_bytes"",""resident_bytes_after""]"
198,blocked__sharing_off,54,b0.a0,109051904,0,"[""b1.a2"",""b1::private::b1.a2""]",[],noop_all_resident,,True,True,False,"[""pre_base_hit"",""pre_adapter_hit"",""pre_full_hit"",""resident_before"",""resident_after"",""evicted_objects"",""loaded_base_bytes"",""loaded_adapter_bytes"",""loaded_bytes""]"
199,blocked__sharing_off,55,b0.a1,109051904,0,"[""b0.a0"",""b0::private::b0.a0""]",[],rolled_back_no_mutation,insufficient_dependency_safe_evictable_capacity,False,False,False,"[""resident_before"",""resident_after"",""evicted_objects"",""loaded_base_bytes"",""loaded_adapter_bytes"",""loaded_bytes""]"
200,blocked__sharing_off,56,b0.a2,109051904,0,"[""b0.a1"",""b0::private::b0.a1""]",[],rolled_back_no_mutation,insufficient_dependency_safe_evictable_capacity,False,False,False,"[""resident_before"",""resident_after"",""evicted_objects"",""loaded_base_bytes"",""loaded_adapter_bytes"",""loaded_bytes""]"
201,blocked__sharing_off,57,b1.a0,142606336,0,"[""b0.a2"",""b0::private::b0.a2""]",[],rolled_back_no_mutation,insufficient_dependency_safe_evictable_capacity,False,False,False,"[""resident_before"",""resident_after"",""evicted_objects"",""loaded_base_bytes"",""loaded_adapter_bytes"",""loaded_bytes"",""resident_bytes_after""]"
202,blocked__sharing_off,58,b1.a1,142606336,0,"[""b1.a0"",""b1::private::b1.a0""]",[],rolled_back_no_mutation,insufficient_dependency_safe_evictable_capacity,False,False,False,"[""resident_before"",""resident_after"",""evicted_objects"",""loaded_base_bytes"",""loaded_adapter_bytes"",""loaded_bytes"",""resident_bytes_after""]"
203,blocked__sharing_off,59,b1.a2,142606336,0,"[""b1.a1"",""b1::private::b1.a1""]",[],rolled_back_no_mutation,insufficient_dependency_safe_evictable_capacity,False,False,False,"[""resident_before"",""resident_after"",""evicted_objects"",""loaded_base_bytes"",""loaded_adapter_bytes"",""loaded_bytes"",""resident_bytes_after""]"
204,blocked__sharing_off,60,b0.a0,109051904,0,"[""b1.a2"",""b1::private::b1.a2""]",[],noop_all_resident,,True,True,False,"[""pre_base_hit"",""pre_adapter_hit"",""pre_full_hit"",""resident_before"",""resident_after"",""evicted_objects"",""loaded_base_bytes"",""loaded_adapter_bytes"",""loaded_bytes""]"
205,blocked__sharing_off,61,b0.a1,109051904,0,"[""b0.a0"",""b0::private::b0.a0""]",[],rolled_back_no_mutation,insufficient_dependency_safe_evictable_capacity,False,False,False,"[""resident_before"",""resident_after"",""evicted_objects"",""loaded_base_bytes"",""loaded_adapter_bytes"",""loaded_bytes""]"
206,blocked__sharing_off,62,b0.a2,109051904,0,"[""b0.a1"",""b0::private::b0.a1""]",[],rolled_back_no_mutation,insufficient_dependency_safe_evictable_capacity,False,False,False,"[""resident_before"",""resident_after"",""evicted_objects"",""loaded_base_bytes"",""loaded_adapter_bytes"",""loaded_bytes""]"
207,blocked__sharing_off,63,b1.a0,142606336,0,"[""b0.a2"",""b0::private::b0.a2""]",[],rolled_back_no_mutation,insufficient_dependency_safe_evictable_capacity,False,False,False,"[""resident_before"",""resident_after"",""evicted_objects"",""loaded_base_bytes"",""loaded_adapter_bytes"",""loaded_bytes"",""resident_bytes_after""]"
208,blocked__sharing_off,64,b1.a1,142606336,0,"[""b1.a0"",""b1::private::b1.a0""]",[],rolled_back_no_mutation,insufficient_dependency_safe_evictable_capacity,False,False,False,"[""resident_before"",""resident_after"",""evicted_objects"",""loaded_base_bytes"",""loaded_adapter_bytes"",""loaded_bytes"",""resident_bytes_after""]"
209,blocked__sharing_off,65,b1.a2,142606336,0,"[""b1.a1"",""b1::private::b1.a1""]",[],rolled_back_no_mutation,insufficient_dependency_safe_evictable_capacity,False,False,False,"[""resident_before"",""resident_after"",""evicted_objects"",""loaded_base_bytes"",""loaded_adapter_bytes"",""loaded_bytes"",""resident_bytes_after""]"
210,blocked__sharing_off,66,b0.a0,109051904,0,"[""b1.a2"",""b1::private::b1.a2""]",[],noop_all_resident,,True,True,False,"[""pre_base_hit"",""pre_adapter_hit"",""pre_full_hit"",""resident_before"",""resident_after"",""evicted_objects"",""loaded_base_bytes"",""loaded_adapter_bytes"",""loaded_bytes""]"
211,blocked__sharing_off,67,b0.a1,109051904,0,"[""b0.a0"",""b0::private::b0.a0""]",[],rolled_back_no_mutation,insufficient_dependency_safe_evictable_capacity,False,False,False,"[""resident_before"",""resident_after"",""evicted_objects"",""loaded_base_bytes"",""loaded_adapter_bytes"",""loaded_bytes""]"
212,blocked__sharing_off,68,b0.a2,109051904,0,"[""b0.a1"",""b0::private::b0.a1""]",[],rolled_back_no_mutation,insufficient_dependency_safe_evictable_capacity,False,False,False,"[""resident_before"",""resident_after"",""evicted_objects"",""loaded_base_bytes"",""loaded_adapter_bytes"",""loaded_bytes""]"
213,blocked__sharing_off,69,b1.a0,142606336,0,"[""b0.a2"",""b0::private::b0.a2""]",[],rolled_back_no_mutation,insufficient_dependency_safe_evictable_capacity,False,False,False,"[""resident_before"",""resident_after"",""evicted_objects"",""loaded_base_bytes"",""loaded_adapter_bytes"",""loaded_bytes"",""resident_bytes_after""]"
214,blocked__sharing_off,70,b1.a1,142606336,0,"[""b1.a0"",""b1::private::b1.a0""]",[],rolled_back_no_mutation,insufficient_dependency_safe_evictable_capacity,False,False,False,"[""resident_before"",""resident_after"",""evicted_objects"",""loaded_base_bytes"",""loaded_adapter_bytes"",""loaded_bytes"",""resident_bytes_after""]"
215,blocked__sharing_off,71,b1.a2,142606336,0,"[""b1.a1"",""b1::private::b1.a1""]",[],rolled_back_no_mutation,insufficient_dependency_safe_evictable_capacity,False,False,False,"[""resident_before"",""resident_after"",""evicted_objects"",""loaded_base_bytes"",""loaded_adapter_bytes"",""loaded_bytes"",""resident_bytes_after""]"
216,interleaved__sharing_off,0,b0.a0,109051904,109051904,[],[],committed,,False,True,False,"[""resident_after""]"
217,interleaved__sharing_off,1,b1.a0,142606336,0,"[""b0.a0"",""b0::private::b0.a0""]",[],rolled_back_no_mutation,insufficient_dependency_safe_evictable_capacity,False,False,False,"[""resident_before"",""resident_after"",""evicted_objects"",""loaded_base_bytes"",""loaded_adapter_bytes"",""loaded_bytes"",""resident_bytes_after""]"
218,interleaved__sharing_off,2,b0.a1,109051904,0,"[""b1.a0"",""b1::private::b1.a0""]",[],rolled_back_no_mutation,insufficient_dependency_safe_evictable_capacity,False,False,False,"[""resident_before"",""resident_after"",""evicted_objects"",""loaded_base_bytes"",""loaded_adapter_bytes"",""loaded_bytes""]"
219,interleaved__sharing_off,3,b1.a1,142606336,0,"[""b0.a1"",""b0::private::b0.a1""]",[],rolled_back_no_mutation,insufficient_dependency_safe_evictable_capacity,False,False,False,"[""resident_before"",""resident_after"",""evicted_objects"",""loaded_base_bytes"",""loaded_adapter_bytes"",""loaded_bytes"",""resident_bytes_after""]"
220,interleaved__sharing_off,4,b0.a2,109051904,0,"[""b1.a1"",""b1::private::b1.a1""]",[],rolled_back_no_mutation,insufficient_dependency_safe_evictable_capacity,False,False,False,"[""resident_before"",""resident_after"",""evicted_objects"",""loaded_base_bytes"",""loaded_adapter_bytes"",""loaded_bytes""]"
221,interleaved__sharing_off,5,b1.a2,142606336,0,"[""b0.a2"",""b0::private::b0.a2""]",[],rolled_back_no_mutation,insufficient_dependency_safe_evictable_capacity,False,False,False,"[""resident_before"",""resident_after"",""evicted_objects"",""loaded_base_bytes"",""loaded_adapter_bytes"",""loaded_bytes"",""resident_bytes_after""]"
222,interleaved__sharing_off,6,b0.a0,109051904,0,"[""b1.a2"",""b1::private::b1.a2""]",[],noop_all_resident,,True,True,False,"[""pre_base_hit"",""pre_adapter_hit"",""pre_full_hit"",""resident_before"",""resident_after"",""evicted_objects"",""loaded_base_bytes"",""loaded_adapter_bytes"",""loaded_bytes""]"
223,interleaved__sharing_off,7,b1.a0,142606336,0,"[""b0.a0"",""b0::private::b0.a0""]",[],rolled_back_no_mutation,insufficient_dependency_safe_evictable_capacity,False,False,False,"[""resident_before"",""resident_after"",""evicted_objects"",""loaded_base_bytes"",""loaded_adapter_bytes"",""loaded_bytes"",""resident_bytes_after""]"
224,interleaved__sharing_off,8,b0.a1,109051904,0,"[""b1.a0"",""b1::private::b1.a0""]",[],rolled_back_no_mutation,insufficient_dependency_safe_evictable_capacity,False,False,False,"[""resident_before"",""resident_after"",""evicted_objects"",""loaded_base_bytes"",""loaded_adapter_bytes"",""loaded_bytes""]"
225,interleaved__sharing_off,9,b1.a1,142606336,0,"[""b0.a1"",""b0::private::b0.a1""]",[],rolled_back_no_mutation,insufficient_dependency_safe_evictable_capacity,False,False,False,"[""resident_before"",""resident_after"",""evicted_objects"",""loaded_base_bytes"",""loaded_adapter_bytes"",""loaded_bytes"",""resident_bytes_after""]"
226,interleaved__sharing_off,10,b0.a2,109051904,0,"[""b1.a1"",""b1::private::b1.a1""]",[],rolled_back_no_mutation,insufficient_dependency_safe_evictable_capacity,False,False,False,"[""resident_before"",""resident_after"",""evicted_objects"",""loaded_base_bytes"",""loaded_adapter_bytes"",""loaded_bytes""]"
227,interleaved__sharing_off,11,b1.a2,142606336,0,"[""b0.a2"",""b0::private::b0.a2""]",[],rolled_back_no_mutation,insufficient_dependency_safe_evictable_capacity,False,False,False,"[""resident_before"",""resident_after"",""evicted_objects"",""loaded_base_bytes"",""loaded_adapter_bytes"",""loaded_bytes"",""resident_bytes_after""]"
228,interleaved__sharing_off,12,b0.a0,109051904,0,"[""b1.a2"",""b1::private::b1.a2""]",[],noop_all_resident,,True,True,False,"[""pre_base_hit"",""pre_adapter_hit"",""pre_full_hit"",""resident_before"",""resident_after"",""evicted_objects"",""loaded_base_bytes"",""loaded_adapter_bytes"",""loaded_bytes""]"
229,interleaved__sharing_off,13,b1.a0,142606336,0,"[""b0.a0"",""b0::private::b0.a0""]",[],rolled_back_no_mutation,insufficient_dependency_safe_evictable_capacity,False,False,False,"[""resident_before"",""resident_after"",""evicted_objects"",""loaded_base_bytes"",""loaded_adapter_bytes"",""loaded_bytes"",""resident_bytes_after""]"
230,interleaved__sharing_off,14,b0.a1,109051904,0,"[""b1.a0"",""b1::private::b1.a0""]",[],rolled_back_no_mutation,insufficient_dependency_safe_evictable_capacity,False,False,False,"[""resident_before"",""resident_after"",""evicted_objects"",""loaded_base_bytes"",""loaded_adapter_bytes"",""loaded_bytes""]"
231,interleaved__sharing_off,15,b1.a1,142606336,0,"[""b0.a1"",""b0::private::b0.a1""]",[],rolled_back_no_mutation,insufficient_dependency_safe_evictable_capacity,False,False,False,"[""resident_before"",""resident_after"",""evicted_objects"",""loaded_base_bytes"",""loaded_adapter_bytes"",""loaded_bytes"",""resident_bytes_after""]"
232,interleaved__sharing_off,16,b0.a2,109051904,0,"[""b1.a1"",""b1::private::b1.a1""]",[],rolled_back_no_mutation,insufficient_dependency_safe_evictable_capacity,False,False,False,"[""resident_before"",""resident_after"",""evicted_objects"",""loaded_base_bytes"",""loaded_adapter_bytes"",""loaded_bytes""]"
233,interleaved__sharing_off,17,b1.a2,142606336,0,"[""b0.a2"",""b0::private::b0.a2""]",[],rolled_back_no_mutation,insufficient_dependency_safe_evictable_capacity,False,False,False,"[""resident_before"",""resident_after"",""evicted_objects"",""loaded_base_bytes"",""loaded_adapter_bytes"",""loaded_bytes"",""resident_bytes_after""]"
234,interleaved__sharing_off,18,b0.a0,109051904,0,"[""b1.a2"",""b1::private::b1.a2""]",[],noop_all_resident,,True,True,False,"[""pre_base_hit"",""pre_adapter_hit"",""pre_full_hit"",""resident_before"",""resident_after"",""evicted_objects"",""loaded_base_bytes"",""loaded_adapter_bytes"",""loaded_bytes""]"
235,interleaved__sharing_off,19,b1.a0,142606336,0,"[""b0.a0"",""b0::private::b0.a0""]",[],rolled_back_no_mutation,insufficient_dependency_safe_evictable_capacity,False,False,False,"[""resident_before"",""resident_after"",""evicted_objects"",""loaded_base_bytes"",""loaded_adapter_bytes"",""loaded_bytes"",""resident_bytes_after""]"
236,interleaved__sharing_off,20,b0.a1,109051904,0,"[""b1.a0"",""b1::private::b1.a0""]",[],rolled_back_no_mutation,insufficient_dependency_safe_evictable_capacity,False,False,False,"[""resident_before"",""resident_after"",""evicted_objects"",""loaded_base_bytes"",""loaded_adapter_bytes"",""loaded_bytes""]"
237,interleaved__sharing_off,21,b1.a1,142606336,0,"[""b0.a1"",""b0::private::b0.a1""]",[],rolled_back_no_mutation,insufficient_dependency_safe_evictable_capacity,False,False,False,"[""resident_before"",""resident_after"",""evicted_objects"",""loaded_base_bytes"",""loaded_adapter_bytes"",""loaded_bytes"",""resident_bytes_after""]"
238,interleaved__sharing_off,22,b0.a2,109051904,0,"[""b1.a1"",""b1::private::b1.a1""]",[],rolled_back_no_mutation,insufficient_dependency_safe_evictable_capacity,False,False,False,"[""resident_before"",""resident_after"",""evicted_objects"",""loaded_base_bytes"",""loaded_adapter_bytes"",""loaded_bytes""]"
239,interleaved__sharing_off,23,b1.a2,142606336,0,"[""b0.a2"",""b0::private::b0.a2""]",[],rolled_back_no_mutation,insufficient_dependency_safe_evictable_capacity,False,False,False,"[""resident_before"",""resident_after"",""evicted_objects"",""loaded_base_bytes"",""loaded_adapter_bytes"",""loaded_bytes"",""resident_bytes_after""]"
240,interleaved__sharing_off,24,b0.a0,109051904,0,"[""b1.a2"",""b1::private::b1.a2""]",[],noop_all_resident,,True,True,False,"[""pre_base_hit"",""pre_adapter_hit"",""pre_full_hit"",""resident_before"",""resident_after"",""evicted_objects"",""loaded_base_bytes"",""loaded_adapter_bytes"",""loaded_bytes""]"
241,interleaved__sharing_off,25,b1.a0,142606336,0,"[""b0.a0"",""b0::private::b0.a0""]",[],rolled_back_no_mutation,insufficient_dependency_safe_evictable_capacity,False,False,False,"[""resident_before"",""resident_after"",""evicted_objects"",""loaded_base_bytes"",""loaded_adapter_bytes"",""loaded_bytes"",""resident_bytes_after""]"
242,interleaved__sharing_off,26,b0.a1,109051904,0,"[""b1.a0"",""b1::private::b1.a0""]",[],rolled_back_no_mutation,insufficient_dependency_safe_evictable_capacity,False,False,False,"[""resident_before"",""resident_after"",""evicted_objects"",""loaded_base_bytes"",""loaded_adapter_bytes"",""loaded_bytes""]"
243,interleaved__sharing_off,27,b1.a1,142606336,0,"[""b0.a1"",""b0::private::b0.a1""]",[],rolled_back_no_mutation,insufficient_dependency_safe_evictable_capacity,False,False,False,"[""resident_before"",""resident_after"",""evicted_objects"",""loaded_base_bytes"",""loaded_adapter_bytes"",""loaded_bytes"",""resident_bytes_after""]"
244,interleaved__sharing_off,28,b0.a2,109051904,0,"[""b1.a1"",""b1::private::b1.a1""]",[],rolled_back_no_mutation,insufficient_dependency_safe_evictable_capacity,False,False,False,"[""resident_before"",""resident_after"",""evicted_objects"",""loaded_base_bytes"",""loaded_adapter_bytes"",""loaded_bytes""]"
245,interleaved__sharing_off,29,b1.a2,142606336,0,"[""b0.a2"",""b0::private::b0.a2""]",[],rolled_back_no_mutation,insufficient_dependency_safe_evictable_capacity,False,False,False,"[""resident_before"",""resident_after"",""evicted_objects"",""loaded_base_bytes"",""loaded_adapter_bytes"",""loaded_bytes"",""resident_bytes_after""]"
246,interleaved__sharing_off,30,b0.a0,109051904,0,"[""b1.a2"",""b1::private::b1.a2""]",[],noop_all_resident,,True,True,False,"[""pre_base_hit"",""pre_adapter_hit"",""pre_full_hit"",""resident_before"",""resident_after"",""evicted_objects"",""loaded_base_bytes"",""loaded_adapter_bytes"",""loaded_bytes""]"
247,interleaved__sharing_off,31,b1.a0,142606336,0,"[""b0.a0"",""b0::private::b0.a0""]",[],rolled_back_no_mutation,insufficient_dependency_safe_evictable_capacity,False,False,False,"[""resident_before"",""resident_after"",""evicted_objects"",""loaded_base_bytes"",""loaded_adapter_bytes"",""loaded_bytes"",""resident_bytes_after""]"
248,interleaved__sharing_off,32,b0.a1,109051904,0,"[""b1.a0"",""b1::private::b1.a0""]",[],rolled_back_no_mutation,insufficient_dependency_safe_evictable_capacity,False,False,False,"[""resident_before"",""resident_after"",""evicted_objects"",""loaded_base_bytes"",""loaded_adapter_bytes"",""loaded_bytes""]"
249,interleaved__sharing_off,33,b1.a1,142606336,0,"[""b0.a1"",""b0::private::b0.a1""]",[],rolled_back_no_mutation,insufficient_dependency_safe_evictable_capacity,False,False,False,"[""resident_before"",""resident_after"",""evicted_objects"",""loaded_base_bytes"",""loaded_adapter_bytes"",""loaded_bytes"",""resident_bytes_after""]"
250,interleaved__sharing_off,34,b0.a2,109051904,0,"[""b1.a1"",""b1::private::b1.a1""]",[],rolled_back_no_mutation,insufficient_dependency_safe_evictable_capacity,False,False,False,"[""resident_before"",""resident_after"",""evicted_objects"",""loaded_base_bytes"",""loaded_adapter_bytes"",""loaded_bytes""]"
251,interleaved__sharing_off,35,b1.a2,142606336,0,"[""b0.a2"",""b0::private::b0.a2""]",[],rolled_back_no_mutation,insufficient_dependency_safe_evictable_capacity,False,False,False,"[""resident_before"",""resident_after"",""evicted_objects"",""loaded_base_bytes"",""loaded_adapter_bytes"",""loaded_bytes"",""resident_bytes_after""]"
252,interleaved__sharing_off,36,b0.a0,109051904,0,"[""b1.a2"",""b1::private::b1.a2""]",[],noop_all_resident,,True,True,False,"[""pre_base_hit"",""pre_adapter_hit"",""pre_full_hit"",""resident_before"",""resident_after"",""evicted_objects"",""loaded_base_bytes"",""loaded_adapter_bytes"",""loaded_bytes""]"
253,interleaved__sharing_off,37,b1.a0,142606336,0,"[""b0.a0"",""b0::private::b0.a0""]",[],rolled_back_no_mutation,insufficient_dependency_safe_evictable_capacity,False,False,False,"[""resident_before"",""resident_after"",""evicted_objects"",""loaded_base_bytes"",""loaded_adapter_bytes"",""loaded_bytes"",""resident_bytes_after""]"
254,interleaved__sharing_off,38,b0.a1,109051904,0,"[""b1.a0"",""b1::private::b1.a0""]",[],rolled_back_no_mutation,insufficient_dependency_safe_evictable_capacity,False,False,False,"[""resident_before"",""resident_after"",""evicted_objects"",""loaded_base_bytes"",""loaded_adapter_bytes"",""loaded_bytes""]"
255,interleaved__sharing_off,39,b1.a1,142606336,0,"[""b0.a1"",""b0::private::b0.a1""]",[],rolled_back_no_mutation,insufficient_dependency_safe_evictable_capacity,False,False,False,"[""resident_before"",""resident_after"",""evicted_objects"",""loaded_base_bytes"",""loaded_adapter_bytes"",""loaded_bytes"",""resident_bytes_after""]"
256,interleaved__sharing_off,40,b0.a2,109051904,0,"[""b1.a1"",""b1::private::b1.a1""]",[],rolled_back_no_mutation,insufficient_dependency_safe_evictable_capacity,False,False,False,"[""resident_before"",""resident_after"",""evicted_objects"",""loaded_base_bytes"",""loaded_adapter_bytes"",""loaded_bytes""]"
257,interleaved__sharing_off,41,b1.a2,142606336,0,"[""b0.a2"",""b0::private::b0.a2""]",[],rolled_back_no_mutation,insufficient_dependency_safe_evictable_capacity,False,False,False,"[""resident_before"",""resident_after"",""evicted_objects"",""loaded_base_bytes"",""loaded_adapter_bytes"",""loaded_bytes"",""resident_bytes_after""]"
258,interleaved__sharing_off,42,b0.a0,109051904,0,"[""b1.a2"",""b1::private::b1.a2""]",[],noop_all_resident,,True,True,False,"[""pre_base_hit"",""pre_adapter_hit"",""pre_full_hit"",""resident_before"",""resident_after"",""evicted_objects"",""loaded_base_bytes"",""loaded_adapter_bytes"",""loaded_bytes""]"
259,interleaved__sharing_off,43,b1.a0,142606336,0,"[""b0.a0"",""b0::private::b0.a0""]",[],rolled_back_no_mutation,insufficient_dependency_safe_evictable_capacity,False,False,False,"[""resident_before"",""resident_after"",""evicted_objects"",""loaded_base_bytes"",""loaded_adapter_bytes"",""loaded_bytes"",""resident_bytes_after""]"
260,interleaved__sharing_off,44,b0.a1,109051904,0,"[""b1.a0"",""b1::private::b1.a0""]",[],rolled_back_no_mutation,insufficient_dependency_safe_evictable_capacity,False,False,False,"[""resident_before"",""resident_after"",""evicted_objects"",""loaded_base_bytes"",""loaded_adapter_bytes"",""loaded_bytes""]"
261,interleaved__sharing_off,45,b1.a1,142606336,0,"[""b0.a1"",""b0::private::b0.a1""]",[],rolled_back_no_mutation,insufficient_dependency_safe_evictable_capacity,False,False,False,"[""resident_before"",""resident_after"",""evicted_objects"",""loaded_base_bytes"",""loaded_adapter_bytes"",""loaded_bytes"",""resident_bytes_after""]"
262,interleaved__sharing_off,46,b0.a2,109051904,0,"[""b1.a1"",""b1::private::b1.a1""]",[],rolled_back_no_mutation,insufficient_dependency_safe_evictable_capacity,False,False,False,"[""resident_before"",""resident_after"",""evicted_objects"",""loaded_base_bytes"",""loaded_adapter_bytes"",""loaded_bytes""]"
263,interleaved__sharing_off,47,b1.a2,142606336,0,"[""b0.a2"",""b0::private::b0.a2""]",[],rolled_back_no_mutation,insufficient_dependency_safe_evictable_capacity,False,False,False,"[""resident_before"",""resident_after"",""evicted_objects"",""loaded_base_bytes"",""loaded_adapter_bytes"",""loaded_bytes"",""resident_bytes_after""]"
264,interleaved__sharing_off,48,b0.a0,109051904,0,"[""b1.a2"",""b1::private::b1.a2""]",[],noop_all_resident,,True,True,False,"[""pre_base_hit"",""pre_adapter_hit"",""pre_full_hit"",""resident_before"",""resident_after"",""evicted_objects"",""loaded_base_bytes"",""loaded_adapter_bytes"",""loaded_bytes""]"
265,interleaved__sharing_off,49,b1.a0,142606336,0,"[""b0.a0"",""b0::private::b0.a0""]",[],rolled_back_no_mutation,insufficient_dependency_safe_evictable_capacity,False,False,False,"[""resident_before"",""resident_after"",""evicted_objects"",""loaded_base_bytes"",""loaded_adapter_bytes"",""loaded_bytes"",""resident_bytes_after""]"
266,interleaved__sharing_off,50,b0.a1,109051904,0,"[""b1.a0"",""b1::private::b1.a0""]",[],rolled_back_no_mutation,insufficient_dependency_safe_evictable_capacity,False,False,False,"[""resident_before"",""resident_after"",""evicted_objects"",""loaded_base_bytes"",""loaded_adapter_bytes"",""loaded_bytes""]"
267,interleaved__sharing_off,51,b1.a1,142606336,0,"[""b0.a1"",""b0::private::b0.a1""]",[],rolled_back_no_mutation,insufficient_dependency_safe_evictable_capacity,False,False,False,"[""resident_before"",""resident_after"",""evicted_objects"",""loaded_base_bytes"",""loaded_adapter_bytes"",""loaded_bytes"",""resident_bytes_after""]"
268,interleaved__sharing_off,52,b0.a2,109051904,0,"[""b1.a1"",""b1::private::b1.a1""]",[],rolled_back_no_mutation,insufficient_dependency_safe_evictable_capacity,False,False,False,"[""resident_before"",""resident_after"",""evicted_objects"",""loaded_base_bytes"",""loaded_adapter_bytes"",""loaded_bytes""]"
269,interleaved__sharing_off,53,b1.a2,142606336,0,"[""b0.a2"",""b0::private::b0.a2""]",[],rolled_back_no_mutation,insufficient_dependency_safe_evictable_capacity,False,False,False,"[""resident_before"",""resident_after"",""evicted_objects"",""loaded_base_bytes"",""loaded_adapter_bytes"",""loaded_bytes"",""resident_bytes_after""]"
270,interleaved__sharing_off,54,b0.a0,109051904,0,"[""b1.a2"",""b1::private::b1.a2""]",[],noop_all_resident,,True,True,False,"[""pre_base_hit"",""pre_adapter_hit"",""pre_full_hit"",""resident_before"",""resident_after"",""evicted_objects"",""loaded_base_bytes"",""loaded_adapter_bytes"",""loaded_bytes""]"
271,interleaved__sharing_off,55,b1.a0,142606336,0,"[""b0.a0"",""b0::private::b0.a0""]",[],rolled_back_no_mutation,insufficient_dependency_safe_evictable_capacity,False,False,False,"[""resident_before"",""resident_after"",""evicted_objects"",""loaded_base_bytes"",""loaded_adapter_bytes"",""loaded_bytes"",""resident_bytes_after""]"
272,interleaved__sharing_off,56,b0.a1,109051904,0,"[""b1.a0"",""b1::private::b1.a0""]",[],rolled_back_no_mutation,insufficient_dependency_safe_evictable_capacity,False,False,False,"[""resident_before"",""resident_after"",""evicted_objects"",""loaded_base_bytes"",""loaded_adapter_bytes"",""loaded_bytes""]"
273,interleaved__sharing_off,57,b1.a1,142606336,0,"[""b0.a1"",""b0::private::b0.a1""]",[],rolled_back_no_mutation,insufficient_dependency_safe_evictable_capacity,False,False,False,"[""resident_before"",""resident_after"",""evicted_objects"",""loaded_base_bytes"",""loaded_adapter_bytes"",""loaded_bytes"",""resident_bytes_after""]"
274,interleaved__sharing_off,58,b0.a2,109051904,0,"[""b1.a1"",""b1::private::b1.a1""]",[],rolled_back_no_mutation,insufficient_dependency_safe_evictable_capacity,False,False,False,"[""resident_before"",""resident_after"",""evicted_objects"",""loaded_base_bytes"",""loaded_adapter_bytes"",""loaded_bytes""]"
275,interleaved__sharing_off,59,b1.a2,142606336,0,"[""b0.a2"",""b0::private::b0.a2""]",[],rolled_back_no_mutation,insufficient_dependency_safe_evictable_capacity,False,False,False,"[""resident_before"",""resident_after"",""evicted_objects"",""loaded_base_bytes"",""loaded_adapter_bytes"",""loaded_bytes"",""resident_bytes_after""]"
276,interleaved__sharing_off,60,b0.a0,109051904,0,"[""b1.a2"",""b1::private::b1.a2""]",[],noop_all_resident,,True,True,False,"[""pre_base_hit"",""pre_adapter_hit"",""pre_full_hit"",""resident_before"",""resident_after"",""evicted_objects"",""loaded_base_bytes"",""loaded_adapter_bytes"",""loaded_bytes""]"
277,interleaved__sharing_off,61,b1.a0,142606336,0,"[""b0.a0"",""b0::private::b0.a0""]",[],rolled_back_no_mutation,insufficient_dependency_safe_evictable_capacity,False,False,False,"[""resident_before"",""resident_after"",""evicted_objects"",""loaded_base_bytes"",""loaded_adapter_bytes"",""loaded_bytes"",""resident_bytes_after""]"
278,interleaved__sharing_off,62,b0.a1,109051904,0,"[""b1.a0"",""b1::private::b1.a0""]",[],rolled_back_no_mutation,insufficient_dependency_safe_evictable_capacity,False,False,False,"[""resident_before"",""resident_after"",""evicted_objects"",""loaded_base_bytes"",""loaded_adapter_bytes"",""loaded_bytes""]"
279,interleaved__sharing_off,63,b1.a1,142606336,0,"[""b0.a1"",""b0::private::b0.a1""]",[],rolled_back_no_mutation,insufficient_dependency_safe_evictable_capacity,False,False,False,"[""resident_before"",""resident_after"",""evicted_objects"",""loaded_base_bytes"",""loaded_adapter_bytes"",""loaded_bytes"",""resident_bytes_after""]"
280,interleaved__sharing_off,64,b0.a2,109051904,0,"[""b1.a1"",""b1::private::b1.a1""]",[],rolled_back_no_mutation,insufficient_dependency_safe_evictable_capacity,False,False,False,"[""resident_before"",""resident_after"",""evicted_objects"",""loaded_base_bytes"",""loaded_adapter_bytes"",""loaded_bytes""]"
281,interleaved__sharing_off,65,b1.a2,142606336,0,"[""b0.a2"",""b0::private::b0.a2""]",[],rolled_back_no_mutation,insufficient_dependency_safe_evictable_capacity,False,False,False,"[""resident_before"",""resident_after"",""evicted_objects"",""loaded_base_bytes"",""loaded_adapter_bytes"",""loaded_bytes"",""resident_bytes_after""]"
282,interleaved__sharing_off,66,b0.a0,109051904,0,"[""b1.a2"",""b1::private::b1.a2""]",[],noop_all_resident,,True,True,False,"[""pre_base_hit"",""pre_adapter_hit"",""pre_full_hit"",""resident_before"",""resident_after"",""evicted_objects"",""loaded_base_bytes"",""loaded_adapter_bytes"",""loaded_bytes""]"
283,interleaved__sharing_off,67,b1.a0,142606336,0,"[""b0.a0"",""b0::private::b0.a0""]",[],rolled_back_no_mutation,insufficient_dependency_safe_evictable_capacity,False,False,False,"[""resident_before"",""resident_after"",""evicted_objects"",""loaded_base_bytes"",""loaded_adapter_bytes"",""loaded_bytes"",""resident_bytes_after""]"
284,interleaved__sharing_off,68,b0.a1,109051904,0,"[""b1.a0"",""b1::private::b1.a0""]",[],rolled_back_no_mutation,insufficient_dependency_safe_evictable_capacity,False,False,False,"[""resident_before"",""resident_after"",""evicted_objects"",""loaded_base_bytes"",""loaded_adapter_bytes"",""loaded_bytes""]"
285,interleaved__sharing_off,69,b1.a1,142606336,0,"[""b0.a1"",""b0::private::b0.a1""]",[],rolled_back_no_mutation,insufficient_dependency_safe_evictable_capacity,False,False,False,"[""resident_before"",""resident_after"",""evicted_objects"",""loaded_base_bytes"",""loaded_adapter_bytes"",""loaded_bytes"",""resident_bytes_after""]"
286,interleaved__sharing_off,70,b0.a2,109051904,0,"[""b1.a1"",""b1::private::b1.a1""]",[],rolled_back_no_mutation,insufficient_dependency_safe_evictable_capacity,False,False,False,"[""resident_before"",""resident_after"",""evicted_objects"",""loaded_base_bytes"",""loaded_adapter_bytes"",""loaded_bytes""]"
287,interleaved__sharing_off,71,b1.a2,142606336,0,"[""b0.a2"",""b0::private::b0.a2""]",[],rolled_back_no_mutation,insufficient_dependency_safe_evictable_capacity,False,False,False,"[""resident_before"",""resident_after"",""evicted_objects"",""loaded_base_bytes"",""loaded_adapter_bytes"",""loaded_bytes"",""resident_bytes_after""]"
